X,D,theta_D,Y
-.7337042,31,.3502446,-1.035723
-1.044782,30,-.215716,-2.031859
-1.216304,3,-.1077847,.0179169
-.4922239,36,-.3001903,.008402
-.6513265,2,.223767,-.5075874
1.711062,49,-.0427878,2.51605
.5075034,37,-.2579239,2.48204
.4780661,1,.2779761,1.415026
-.0171354,34,.1150645,.0139616
2.325113,30,-.215716,1.823911
-1.19957,20,.0210994,1.430239
-.6323994,46,-.0358377,-.4450103
.1773287,29,-.0397213,.555658
2.386241,26,.1111857,3.423753
-.9590953,30,-.215716,-2.026276
-.5133259,28,-.1050764,.7340372
-.0646384,30,-.215716,-1.608993
-.942555,22,.5720116,-1.406902
.039653,25,.0064102,-1.139514
.0821356,11,.2070188,.1175576
1.72646,39,-.084102,3.937442
-.6465567,26,.1111857,-1.291273
-2.078669,31,.3502446,-1.955501
3.164833,21,.1194077,3.179131
-1.068756,42,-.0724434,-1.373816
1.305737,37,-.2579239,1.145388
-1.313368,2,.223767,-1.604035
1.383501,23,-.1699248,.2811006
.3112825,42,-.0724434,1.511028
.5623257,26,.1111857,-1.142627
.2867565,31,.3502446,.9713613
-.8803258,42,-.0724434,-2.503023
.0144307,31,.3502446,1.101513
-1.474798,27,.0312918,-1.017381
.2427971,37,-.2579239,2.120351
.0760725,49,-.0427878,-1.819589
.2297624,31,.3502446,.7649756
-.7702728,34,.1150645,-.7499491
-.4124478,23,-.1699248,-.3005196
-.5749574,49,-.0427878,-1.355452
.5936055,39,-.084102,.0636555
.9696351,28,-.1050764,-.9975871
.6765582,2,.223767,-.2269765
.2469583,11,.2070188,-.2335652
-1.032132,3,-.1077847,-1.471273
.0909861,45,-.3267959,1.661502
.0618992,34,.1150645,-.8081557
2.06992,21,.1194077,2.09501
.3561178,32,-.1879835,-.8872114
1.655453,30,-.215716,-.2685621
-2.101771,42,-.0724434,-3.613938
1.143585,31,.3502446,1.674824
-.5207809,12,-.0675553,-.9814289
-.4155559,40,-.0302475,-1.426749
-.3829592,30,-.215716,-.9735802
-2.001573,36,-.3001903,-1.196345
.6471151,49,-.0427878,1.005224
-1.405236,17,-.2237292,-.2411124
.2644584,34,.1150645,2.098352
.0605878,24,.1646153,1.552325
-.9179237,45,-.3267959,.0511489
.1701158,29,-.0397213,.1880986
-.3011811,7,.0215672,-.5194012
-.0789373,31,.3502446,-.2120805
-.6511465,20,.0210994,-1.379136
1.173585,31,.3502446,1.801221
-1.236079,13,-.1037852,-1.521323
-.6643547,50,.0420224,-1.197144
.851964,48,-.0335016,.6337152
1.571979,21,.1194077,1.306013
1.015783,4,-.2620922,1.08622
1.077221,16,-.1447206,1.660411
.6945226,49,-.0427878,1.046302
-.806231,50,.0420224,-.224784
.5193363,2,.223767,.041755
-.8334369,26,.1111857,-1.593697
-1.560318,17,-.2237292,-.9799473
.9699202,4,-.2620922,.1945145
.7694262,49,-.0427878,.4125956
2.170681,10,-.0930979,3.105249
-1.0934,20,.0210994,-1.176633
-.5471272,6,-.1332144,-1.478009
.3224506,3,-.1077847,-1.21468
-.4379365,2,.223767,-3.011725
-1.744719,31,.3502446,-2.483256
.9006085,21,.1194077,.5107051
-.0331749,21,.1194077,1.452515
.403348,21,.1194077,2.144901
-2.716223,38,-.4097416,-4.567106
-1.604248,31,.3502446,-1.281835
-.7538453,39,-.084102,.2749057
-.5492578,17,-.2237292,-1.868902
-.765063,2,.223767,-.6087042
1.232523,20,.0210994,.7301891
1.603097,20,.0210994,1.754952
1.4828,1,.2779761,.6249961
1.328235,39,-.084102,.1916871
-1.38147,39,-.084102,-.2719051
1.255757,31,.3502446,1.270251
1.025896,12,-.0675553,.7038958
.1575387,6,-.1332144,-1.808583
-.7332941,6,-.1332144,.1112187
-.6410092,32,-.1879835,-.3947659
-.2146255,2,.223767,-.3919332
-1.54453,8,.2029345,-1.687012
-.4752759,2,.223767,-.3390782
.7872096,21,.1194077,.4478099
-.9735844,2,.223767,.3751467
1.354752,44,.3350981,.6854972
.6479909,16,-.1447206,.1609364
.4054431,2,.223767,.7752039
.2150833,49,-.0427878,-.7227753
-.6452723,16,-.1447206,-.3460696
1.025755,30,-.215716,.9438752
1.803118,26,.1111857,1.683855
-.6149666,21,.1194077,-1.646415
-2.154336,34,.1150645,-3.469847
-.5287312,2,.223767,1.983678
.3004823,4,-.2620922,1.724099
.3256753,49,-.0427878,-.4043225
-1.501661,6,-.1332144,-.446137
-.5256022,31,.3502446,-1.29428
-1.110435,31,.3502446,-1.452218
-1.391704,36,-.3001903,.2893344
-.2804603,3,-.1077847,.538871
.0972258,37,-.2579239,-.9216644
2.579889,25,.0064102,2.232732
1.384152,39,-.084102,-.3478538
-.7533832,19,.1056873,.3747364
.8395392,26,.1111857,-.0806772
.2973358,39,-.084102,-.5173733
.1978464,39,-.084102,-.693257
-.2186159,25,.0064102,-1.490061
.3880309,46,-.0358377,-.779938
1.089896,10,-.0930979,-.1986606
.2674177,33,-.0607563,-1.290844
.7507082,49,-.0427878,1.083129
.4879133,11,.2070188,.3844756
.4229152,1,.2779761,.5461769
-.12075,49,-.0427878,-1.540449
-.1909612,36,-.3001903,-.2310221
-2.421543,50,.0420224,-2.2705
.3441943,40,-.0302475,.1596575
-.1139891,14,.0234696,-.4688184
-.3819211,31,.3502446,-.2346166
.2807457,33,-.0607563,1.531856
.0054571,30,-.215716,.0023464
1.245811,30,-.215716,1.414836
.0847551,36,-.3001903,-2.297544
-2.232346,36,-.3001903,-2.680057
.1299803,22,.5720116,-1.990917
-.1992728,2,.223767,.9107754
-1.530374,50,.0420224,-2.261488
.4745055,31,.3502446,.2724725
.644171,17,-.2237292,1.102012
-1.34995,2,.223767,.9842323
-.5323545,31,.3502446,-.5830922
.9697432,3,-.1077847,.6739941
-1.050057,34,.1150645,.2472946
1.975136,21,.1194077,2.197825
.1957757,12,-.0675553,-.939104
.7113659,6,-.1332144,.8033379
.3184436,14,.0234696,1.225107
-.2229641,24,.1646153,-.360062
-3.158606,25,.0064102,-3.267286
-1.67339,30,-.215716,-2.338948
.9586491,11,.2070188,-.0587658
.1435321,4,-.2620922,-1.17285
-.248976,6,-.1332144,-.0580533
-.0128936,31,.3502446,-.202041
.0542137,50,.0420224,2.211814
.3224981,29,-.0397213,.8347104
-.9481766,36,-.3001903,-.1773473
1.176657,49,-.0427878,1.573851
-.2168945,2,.223767,-.1077653
.3514423,17,-.2237292,.5361201
.1542547,42,-.0724434,-.9733291
.3498736,49,-.0427878,-.1475312
1.236047,29,-.0397213,2.048376
.7990043,48,-.0335016,2.234805
-2.421229,30,-.215716,-2.865765
-.2485141,32,-.1879835,-.9389052
.1494865,4,-.2620922,2.859205
-1.839795,2,.223767,-1.557202
-.0427182,23,-.1699248,-.2678522
1.162139,45,-.3267959,.1625894
.3561562,4,-.2620922,1.526599
.0167661,46,-.0358377,-.0820329
-1.070513,36,-.3001903,-1.824764
-.4500303,31,.3502446,-.3870025
-.6365088,38,-.4097416,.3352193
-.0308087,31,.3502446,.7455571
2.123814,21,.1194077,2.350642
-.1056862,36,-.3001903,-1.667473
.1819715,29,-.0397213,.8837534
.6073372,49,-.0427878,1.842411
-.4780879,36,-.3001903,-1.53096
-2.198403,17,-.2237292,-2.67582
-1.629267,1,.2779761,-.4387185
.5686516,21,.1194077,.3055573
-1.31822,39,-.084102,-1.529281
-.8070797,46,-.0358377,.1960639
-.4274566,24,.1646153,-.0864798
.0915514,31,.3502446,1.505666
-.293696,31,.3502446,.7210259
1.704247,29,-.0397213,2.279252
-.2598439,7,.0215672,-2.060226
-1.589321,4,-.2620922,-.9189945
-.4224769,31,.3502446,-.8334001
-.984267,4,-.2620922,-1.803376
-.4642913,14,.0234696,-1.91095
2.440781,39,-.084102,1.741611
-.8476859,37,-.2579239,-3.977247
-.547083,50,.0420224,2.208665
.5934877,25,.0064102,-.9990065
.2748912,26,.1111857,.8011308
-.2417602,42,-.0724434,-.509577
.407323,25,.0064102,.583467
.2476898,4,-.2620922,-.5745314
1.468746,21,.1194077,2.037122
.784014,19,.1056873,-.2339291
-.7492931,42,-.0724434,-.8848104
.9440638,39,-.084102,1.631965
.8647248,31,.3502446,-.017829
.3538202,30,-.215716,.7124131
-.1879222,39,-.084102,.3730352
-.2548423,7,.0215672,1.543545
-.2687583,49,-.0427878,.1474724
.0456862,17,-.2237292,-.598444
1.009583,23,-.1699248,1.297355
-1.315974,31,.3502446,-2.429056
1.045995,26,.1111857,1.863029
.1282648,2,.223767,-.3527102
.9405873,26,.1111857,1.610318
-.2529689,3,-.1077847,1.236592
2.304447,39,-.084102,3.02584
.650572,39,-.084102,-.7105757
.1410053,21,.1194077,.6238399
-2.604281,6,-.1332144,-3.995347
-1.863227,6,-.1332144,-2.009508
.4780121,29,-.0397213,.9465928
-.0033777,38,-.4097416,-.1473774
-.5848669,19,.1056873,-3.125654
.0315313,32,-.1879835,1.841681
-.183463,44,.3350981,-1.407818
-.2274658,6,-.1332144,-1.032964
-.9899617,2,.223767,-1.572648
.0998062,9,-.2843637,-1.414277
.649356,26,.1111857,1.895617
.1517193,4,-.2620922,1.067015
-.1648508,31,.3502446,-.244829
.227858,49,-.0427878,-.3310425
-.3387594,50,.0420224,.0212344
.5768003,21,.1194077,1.004781
-1.047089,4,-.2620922,-2.935227
-.137657,4,-.2620922,-.327926
-.5829048,37,-.2579239,-2.322359
-.5867272,38,-.4097416,-1.028193
.2957079,28,-.1050764,1.691087
.7462103,17,-.2237292,1.812651
-1.171647,5,.0040362,-1.412982
-.6488174,6,-.1332144,.3056653
1.031446,39,-.084102,.2765256
-.9063812,49,-.0427878,-.9760187
-1.038505,42,-.0724434,-2.044098
-.4250012,1,.2779761,.8407049
.3821079,4,-.2620922,.3013454
1.03534,39,-.084102,.2640815
-1.272018,50,.0420224,-1.55605
.0858998,4,-.2620922,.0016638
-.7844963,43,-.1141684,-.5454331
.9089887,31,.3502446,-.0841549
-2.485623,2,.223767,-1.655974
-.6962972,2,.223767,-1.836884
2.232099,21,.1194077,1.830233
.3987513,18,-.4283678,-2.680801
.5248308,26,.1111857,.4344842
.5650778,6,-.1332144,1.094094
1.211029,21,.1194077,.421595
.7398117,49,-.0427878,1.514985
.8444607,16,-.1447206,-.2460448
-1.429671,2,.223767,-2.205617
1.191831,40,-.0302475,1.999739
-1.727644,32,-.1879835,-2.533547
.3936164,36,-.3001903,-.0392863
-.6994223,31,.3502446,-.1091953
-.2919481,49,-.0427878,.3345592
.37205,39,-.084102,.7907452
.0083127,31,.3502446,.3959534
1.612221,21,.1194077,2.572414
.247584,6,-.1332144,.4658816
.5399902,49,-.0427878,-.6177328
-.2659088,28,-.1050764,.1433178
-1.99908,17,-.2237292,-2.086097
-1.179751,42,-.0724434,-1.461789
-.5417674,9,-.2843637,1.091398
-.5653881,20,.0210994,-1.057201
-.2099985,34,.1150645,-1.002772
-.0564733,20,.0210994,.2533346
.2287686,4,-.2620922,-.3456555
1.468767,42,-.0724434,.025139
.2642003,31,.3502446,1.057502
.6580223,1,.2779761,.8385909
-2.178747,17,-.2237292,-3.216623
.0873093,49,-.0427878,-1.085073
-1.699394,2,.223767,-1.980203
.0108612,25,.0064102,-.9988938
.2876586,20,.0210994,-.4494374
.7319233,26,.1111857,.745116
-.7939421,42,-.0724434,-1.443758
-1.451761,38,-.4097416,-2.719357
-.5411687,50,.0420224,-.259343
-.3161261,25,.0064102,-1.082184
.892555,39,-.084102,.8577228
-.2414481,37,-.2579239,.171414
-.1316881,34,.1150645,-.972352
-.2539991,33,-.0607563,-.7701528
-1.574777,50,.0420224,-1.415394
-.3050895,49,-.0427878,.1205475
.5303447,29,-.0397213,-.425647
1.191492,31,.3502446,.5910373
2.197535,4,-.2620922,1.759607
-1.527301,3,-.1077847,-.5985819
-.290251,29,-.0397213,-.5576912
.7295599,49,-.0427878,-1.345344
-1.931797,47,-.1696968,-2.501231
-.343699,40,-.0302475,-1.015393
.0094569,39,-.084102,1.038894
1.017797,24,.1646153,.6835079
-.8259239,38,-.4097416,-1.02412
-1.756626,34,.1150645,-2.816876
-.3747197,5,.0040362,.6910029
.436355,26,.1111857,-.1447767
.6970587,29,-.0397213,.3951306
-.3078356,1,.2779761,-1.311263
-1.670786,17,-.2237292,-1.731893
.4160994,46,-.0358377,-.8904606
1.927265,26,.1111857,1.514757
-.8507253,31,.3502446,-1.152369
-.6988841,3,-.1077847,.6424301
.7473373,1,.2779761,-.4898052
.0918135,14,.0234696,.4173128
-1.694331,32,-.1879835,-1.811038
-.2130361,31,.3502446,.896427
-.6222246,31,.3502446,-.0122301
1.295033,27,.0312918,.1798845
.5111815,18,-.4283678,-.1824777
.4833359,46,-.0358377,.7878539
-.61903,36,-.3001903,-.2556974
.0758618,26,.1111857,-1.400621
1.852059,31,.3502446,2.747544
-.4910862,47,-.1696968,-1.51545
.3101175,31,.3502446,.5490929
.8143414,31,.3502446,.8576559
-.9138719,1,.2779761,-2.6423
-.5513898,46,-.0358377,-.3903559
-.4872245,3,-.1077847,-1.210883
.3984886,46,-.0358377,.6952815
.5958884,19,.1056873,.7426881
.3098767,49,-.0427878,.7458533
1.467319,27,.0312918,1.340394
.3139819,26,.1111857,.7581693
-.6731766,36,-.3001903,1.699972
-.5584977,23,-.1699248,-1.432195
.3794156,1,.2779761,-.0809143
-1.222083,9,-.2843637,-2.278542
1.396918,15,.3195778,1.077019
.1216794,40,-.0302475,1.646489
.4175659,29,-.0397213,.7605909
.8304477,28,-.1050764,1.090771
1.607277,49,-.0427878,1.039455
-.5406852,32,-.1879835,-.7497364
.2960381,30,-.215716,.2763182
.3020371,46,-.0358377,.4220421
-.7586796,31,.3502446,-1.85058
-.0654104,6,-.1332144,.8355821
1.605014,39,-.084102,1.813228
-.8985017,34,.1150645,-1.332767
.2504045,34,.1150645,.7301853
.0244321,43,-.1141684,1.261214
.8796405,2,.223767,.8289946
-.9223657,36,-.3001903,-.8191272
-.3877519,28,-.1050764,.0563176
.2039854,2,.223767,1.772147
-.68769,1,.2779761,-1.817314
.664386,31,.3502446,.181528
.0062849,7,.0215672,-.6523415
1.442108,48,-.0335016,.85193
1.257408,21,.1194077,1.115896
.2869253,31,.3502446,1.28301
.3637782,40,-.0302475,.0859207
-.176461,26,.1111857,.3581177
1.154808,28,-.1050764,.816577
.1197653,17,-.2237292,-2.51045
-1.27035,2,.223767,-1.133934
-2.327852,31,.3502446,-3.285833
.1023596,36,-.3001903,-.815772
-.2933956,20,.0210994,-2.151259
-1.203706,31,.3502446,-1.033353
-.659597,46,-.0358377,-.880789
1.170162,20,.0210994,.1030408
-.7439558,2,.223767,-.4748328
.252669,17,-.2237292,-.5153519
1.019605,17,-.2237292,.8212615
-.2204643,45,-.3267959,-.7388535
-1.065359,31,.3502446,-.7543411
-.5530577,34,.1150645,1.112682
1.965044,14,.0234696,.8518593
-.3940059,25,.0064102,.1850313
.5203642,33,-.0607563,.8692688
-1.4543,6,-.1332144,-.5092422
-.1156268,6,-.1332144,-1.299271
1.364038,39,-.084102,1.563014
.1681772,46,-.0358377,1.573967
1.610182,37,-.2579239,.0169188
-.5716479,37,-.2579239,-2.777239
1.299626,17,-.2237292,1.327836
-.8915469,4,-.2620922,-1.502777
.4534043,1,.2779761,2.6768
-1.303878,50,.0420224,-.7559339
.5709403,30,-.215716,-.9445301
-.54455,3,-.1077847,-.7922474
.852412,20,.0210994,2.064631
1.201223,39,-.084102,-1.821894
.6128588,49,-.0427878,.5615772
1.241058,8,.2029345,2.020265
.4271944,37,-.2579239,-.3036377
-.0957924,16,-.1447206,-1.984796
-.1924986,28,-.1050764,1.36869
.7524264,9,-.2843637,.6683745
1.159669,45,-.3267959,2.229641
-.7436148,43,-.1141684,-.2839517
-.0933137,32,-.1879835,-.9445145
-.5461692,31,.3502446,-.23868
-.6923962,49,-.0427878,-1.048297
1.41239,49,-.0427878,2.789192
1.588414,4,-.2620922,1.843987
-2.950149,43,-.1141684,-2.660335
.8595833,46,-.0358377,.6292187
-.0326796,26,.1111857,-.7418612
.9363062,50,.0420224,2.232023
.2597674,45,-.3267959,-.3306438
1.224367,36,-.3001903,2.657388
-.0428049,2,.223767,.1878598
-.5582292,34,.1150645,-.9949647
-1.15294,33,-.0607563,-1.155279
.352354,36,-.3001903,.4152974
-.127319,3,-.1077847,-.7282934
1.164529,36,-.3001903,.6181135
-.315789,47,-.1696968,-.1436531
.4335682,31,.3502446,1.885375
.9830118,1,.2779761,1.264812
.3427323,4,-.2620922,-.0511647
-.2101174,2,.223767,1.319033
.4849631,48,-.0335016,-1.766469
.2698761,49,-.0427878,-.0685352
-.4356326,4,-.2620922,-2.074286
1.677011,20,.0210994,3.645952
1.747907,20,.0210994,2.690897
-.6236477,21,.1194077,-.8077217
-.3549213,17,-.2237292,1.239211
1.969719,46,-.0358377,2.14914
-.4544633,23,-.1699248,.0543424
-1.676028,40,-.0302475,-3.275803
-.3915789,2,.223767,-.5470812
1.065133,2,.223767,1.843788
-1.42831,31,.3502446,-.1795308
.5436796,49,-.0427878,-.8395765
-.1853641,1,.2779761,-.2254885
-.0615174,31,.3502446,-.3792507
.2188336,3,-.1077847,-.7440252
-.6020228,50,.0420224,-2.658942
-.7471921,17,-.2237292,-.6725193
-.8040839,2,.223767,2.663044
.7694036,48,-.0335016,-.4092928
-.7398518,7,.0215672,-.2122308
-.7468127,31,.3502446,2.350408
-.4973825,23,-.1699248,.5618216
-.3792648,31,.3502446,-.8424808
-.3350026,12,-.0675553,-1.933361
.9424829,39,-.084102,.6316653
.6418825,29,-.0397213,1.102804
-1.325774,12,-.0675553,-2.417255
-1.947369,2,.223767,-1.392094
-.7494091,2,.223767,-2.24847
.1927352,49,-.0427878,-1.154884
-1.455282,7,.0215672,-1.124612
.8479714,17,-.2237292,.4422719
-.0604405,2,.223767,-.0937626
.6720089,31,.3502446,1.360766
.8509824,14,.0234696,-.6881515
.5435823,49,-.0427878,1.285944
-.0444762,49,-.0427878,-1.278974
.3525617,31,.3502446,1.887265
-.203868,1,.2779761,-.9281678
.8953951,28,-.1050764,1.57778
.8863302,31,.3502446,.9018736
.8049247,11,.2070188,.2476448
-.1527041,17,-.2237292,-.0174582
1.689905,26,.1111857,3.007529
.2779163,1,.2779761,1.762473
.6260404,17,-.2237292,-.5335281
1.574794,4,-.2620922,-.302086
-.0325662,39,-.084102,.9629701
-.5718066,6,-.1332144,-.47243
.4869092,31,.3502446,1.759219
1.215715,49,-.0427878,1.202484
-.4271848,17,-.2237292,.0107743
-1.818697,36,-.3001903,-3.583987
-1.142301,50,.0420224,-.965911
-1.52597,50,.0420224,-.501555
1.409889,20,.0210994,.2879292
1.048356,31,.3502446,2.106093
-.0883958,17,-.2237292,.3152496
-1.656209,17,-.2237292,-1.50296
.1502939,23,-.1699248,.7001988
1.878661,21,.1194077,1.658394
.2327811,12,-.0675553,.5576341
.0309391,2,.223767,.5261868
-1.124827,36,-.3001903,-1.104243
.0812715,26,.1111857,1.082942
-.3877248,50,.0420224,-2.706414
-.3041215,32,-.1879835,-.2924217
.3682297,11,.2070188,.3207926
-.3646468,42,-.0724434,.0672006
1.03742,29,-.0397213,1.576544
1.179016,15,.3195778,2.003398
-1.523656,2,.223767,-.2270936
-.2611049,31,.3502446,-.4261522
.1619408,42,-.0724434,-2.468028
-.6524448,31,.3502446,.939409
.6104478,49,-.0427878,.9494896
-.9324295,38,-.4097416,-.2012157
.6842147,17,-.2237292,1.497197
1.121636,49,-.0427878,.2891625
.7419202,4,-.2620922,1.85529
.5921332,26,.1111857,1.391115
-.3476814,11,.2070188,.388431
1.807133,39,-.084102,.3071137
-.9879308,4,-.2620922,.4663666
.4920384,21,.1194077,.9542317
-.0379029,46,-.0358377,-.1067034
-.760267,3,-.1077847,-.5273392
.8583647,3,-.1077847,.7560104
.3571863,21,.1194077,1.588803
-1.435205,30,-.215716,-.6745964
1.554014,15,.3195778,2.117662
-.4281905,23,-.1699248,1.908798
.8410982,4,-.2620922,-1.384836
-1.52192,2,.223767,-2.393187
.9891115,45,-.3267959,2.226639
.5095402,34,.1150645,.6220231
-.6435089,4,-.2620922,-.5080709
-1.115185,25,.0064102,-1.094471
1.755484,20,.0210994,1.877535
-2.340313,17,-.2237292,-2.428168
-.085855,41,.1912464,.6997649
-.6131856,3,-.1077847,-1.276587
1.032128,31,.3502446,.4060706
-1.505801,3,-.1077847,-2.811807
1.925066,21,.1194077,2.734799
.6134948,33,-.0607563,-.7561658
-.1717071,1,.2779761,1.519863
-1.294316,16,-.1447206,-1.759274
-.1940826,12,-.0675553,.596864
-1.082949,26,.1111857,-1.023228
-.7694411,3,-.1077847,-.1682068
-.7451929,36,-.3001903,-.3858789
-1.757427,43,-.1141684,-1.875638
1.15678,44,.3350981,1.763148
-.39079,36,-.3001903,-1.40285
-1.274265,50,.0420224,-1.935945
-.0567153,1,.2779761,1.389916
-.4204273,39,-.084102,-1.000318
.2417416,31,.3502446,.8622056
.0510167,20,.0210994,-2.671764
1.005003,31,.3502446,1.333032
-.9328721,4,-.2620922,-3.007205
1.251597,14,.0234696,1.478601
-.4827043,2,.223767,-1.762883
1.570487,39,-.084102,1.557045
-.7582025,37,-.2579239,-.0357085
-.4184728,24,.1646153,-1.808752
-.2200141,26,.1111857,1.32554
1.899606,35,.1707961,1.908822
-1.632573,23,-.1699248,-3.324712
-.4582343,41,.1912464,-.9234989
.9320921,39,-.084102,-.6411906
-.0010384,4,-.2620922,-2.12067
-1.475745,36,-.3001903,-3.274282
-.7267417,33,-.0607563,-1.241717
-.7194871,3,-.1077847,-2.048133
-.9304212,44,.3350981,-.9461798
-.5719131,36,-.3001903,.9273673
-1.210221,31,.3502446,.1737431
.0009324,4,-.2620922,-1.873161
-.3141803,36,-.3001903,-.0317193
1.119834,4,-.2620922,1.659242
-.9188616,49,-.0427878,-1.16715
-.7082875,31,.3502446,-.0729405
-.6351624,10,-.0930979,-1.884152
1.667403,41,.1912464,1.289121
1.653506,31,.3502446,.6084833
-1.387718,6,-.1332144,-3.818263
-1.168804,17,-.2237292,-1.839763
.8862097,2,.223767,.3634112
-.4841413,37,-.2579239,-.9216621
1.107895,35,.1707961,2.500331
-1.740515,2,.223767,-1.069188
-.5505209,31,.3502446,.3271357
1.263966,49,-.0427878,1.679101
-.4757226,39,-.084102,-.3395903
.6740516,4,-.2620922,.7183171
-.4931988,36,-.3001903,-.7534349
.3853818,25,.0064102,-.2082826
-.9923118,49,-.0427878,-2.157064
.0200886,32,-.1879835,-.8643478
.8608395,15,.3195778,.5090978
.3758239,31,.3502446,.6891291
.1582375,12,-.0675553,-.1901614
-.438703,42,-.0724434,-.4998345
.0789303,15,.3195778,.5600846
.7052866,49,-.0427878,.3015899
.9325045,49,-.0427878,.7252075
-.6614775,36,-.3001903,-.5048709
.0519891,50,.0420224,-1.506799
-.1454979,17,-.2237292,.3001748
-.5594239,13,-.1037852,-.2751021
1.312212,4,-.2620922,2.195189
-1.02308,2,.223767,-1.371679
.4003974,26,.1111857,1.018069
-.1256864,46,-.0358377,1.076904
-1.113558,3,-.1077847,-.5624554
.7082168,15,.3195778,.9490229
.3121745,31,.3502446,.8120638
.2948628,22,.5720116,.5664397
-.0420343,34,.1150645,.499502
-.1241135,31,.3502446,-.1536515
.0750065,50,.0420224,1.651534
.0215495,39,-.084102,1.459493
.3728172,6,-.1332144,-1.614185
-1.006746,34,.1150645,-1.977434
-.58586,42,-.0724434,1.126578
.0520911,20,.0210994,.2339786
-.1007042,50,.0420224,.8308476
-1.494394,3,-.1077847,-1.101868
-1.521035,48,-.0335016,-.4615336
.5629977,1,.2779761,.0813474
.1404512,28,-.1050764,1.122288
-.6442156,47,-.1696968,-.0491196
-.383004,31,.3502446,-.0439075
1.124602,31,.3502446,.739347
-.2082696,43,-.1141684,-.8230137
1.807511,9,-.2843637,.9867994
.3691698,20,.0210994,2.719684
-1.51105,36,-.3001903,-2.715226
1.563077,21,.1194077,-.6435493
-.6033159,37,-.2579239,-1.873465
-1.723156,2,.223767,-1.841677
-1.384723,7,.0215672,-.3748164
1.241405,21,.1194077,2.262149
-.4255497,31,.3502446,1.097014
-1.19943,27,.0312918,.6322129
1.442489,20,.0210994,1.356375
-1.78798,12,-.0675553,-1.94452
.1339884,49,-.0427878,.5333974
.2797145,21,.1194077,.6429553
2.417731,20,.0210994,2.72123
-.6500892,30,-.215716,-1.239539
-1.48762,31,.3502446,-1.183884
1.589403,47,-.1696968,.8739296
2.24142,21,.1194077,1.614022
-.5771214,16,-.1447206,-2.440009
1.165666,39,-.084102,.6944122
1.155296,49,-.0427878,1.03222
-.1388059,42,-.0724434,-1.098205
-1.254529,17,-.2237292,-1.959513
-.2262152,30,-.215716,.2004097
-1.370269,17,-.2237292,-1.78811
-.8803372,2,.223767,.2031311
.0233632,44,.3350981,1.092979
-.4640905,3,-.1077847,-1.181712
-.9764677,36,-.3001903,-.5642585
.6208439,6,-.1332144,.7432823
-1.623728,17,-.2237292,-1.876079
-2.267409,50,.0420224,-2.798113
-.3805086,15,.3195778,.8310798
-.5768022,44,.3350981,-.7761601
-.5877249,39,-.084102,-1.744555
-.5036293,37,-.2579239,-.5724392
-.2970766,15,.3195778,-.3204742
-.9155473,47,-.1696968,-1.775093
.4315698,44,.3350981,.3559092
-.0370136,21,.1194077,-.871991
1.181477,2,.223767,1.901195
.5898665,28,-.1050764,.1971414
.1921128,17,-.2237292,-.1081483
-.7179878,2,.223767,-1.174718
-.9024308,36,-.3001903,-1.280201
.2158312,10,-.0930979,-.6425357
.1229909,20,.0210994,-1.012491
1.311335,26,.1111857,.8996698
-.5630489,2,.223767,-1.75255
.3154114,21,.1194077,-.6378321
.499213,31,.3502446,1.708374
1.983884,21,.1194077,2.640628
-1.735343,33,-.0607563,-1.147445
.786062,39,-.084102,-.2174372
.1924746,2,.223767,1.541141
.7621217,30,-.215716,-.8996125
.8143794,31,.3502446,2.225731
-.396923,17,-.2237292,-.3495797
.607932,46,-.0358377,.7842298
1.278678,19,.1056873,2.543516
.8897782,15,.3195778,1.274851
-.1323449,26,.1111857,-1.128474
.7641695,23,-.1699248,1.591517
-.1137836,6,-.1332144,-1.559727
.4259838,49,-.0427878,.5613588
.5513267,50,.0420224,-.2908453
1.341343,21,.1194077,.1492763
1.664402,36,-.3001903,1.116254
1.455721,21,.1194077,1.978399
.8787749,26,.1111857,2.466846
2.200084,21,.1194077,.7377611
1.966284,49,-.0427878,2.506743
-.4414782,49,-.0427878,1.001504
-1.332055,36,-.3001903,-1.921426
.6064224,29,-.0397213,-1.037075
-1.035235,31,.3502446,1.851082
1.022265,46,-.0358377,.596449
.6488115,2,.223767,2.293668
-1.822359,50,.0420224,-1.835723
.3813927,40,-.0302475,-.1207813
.8371816,40,-.0302475,-.0140589
-.1182865,47,-.1696968,1.947033
.687429,31,.3502446,.6072072
.6881974,31,.3502446,3.767651
.4441147,28,-.1050764,-.3787456
-.7078546,6,-.1332144,-1.321119
1.202096,21,.1194077,.2382879
-.6305166,21,.1194077,.0678418
.1968582,36,-.3001903,-.0702993
-.0849185,39,-.084102,.7286191
.6558328,49,-.0427878,1.471711
.0887575,49,-.0427878,.8700515
.2237848,6,-.1332144,-.6722995
.2187087,46,-.0358377,.3508112
-.2184383,34,.1150645,-.726262
1.298894,46,-.0358377,.9292801
-1.374091,2,.223767,-1.240559
-1.442286,3,-.1077847,.3786992
1.623584,31,.3502446,1.928792
.0394281,23,-.1699248,-.711268
-.4305376,31,.3502446,-2.468585
-2.191119,6,-.1332144,-3.305257
.1373154,36,-.3001903,.3744036
-.496714,16,-.1447206,1.84619
-1.608771,2,.223767,-1.293932
-.865921,6,-.1332144,-1.929566
-.8773051,31,.3502446,.5186084
.0657136,22,.5720116,-1.441833
-.5822408,43,-.1141684,-.9428891
-.1167278,45,-.3267959,.6972874
1.413787,7,.0215672,-.058121
.3143377,49,-.0427878,1.245104
.2015276,36,-.3001903,1.745578
.260262,16,-.1447206,-.6081001
.3181895,29,-.0397213,.8750588
-.0935123,36,-.3001903,-1.162368
1.630238,21,.1194077,2.076892
-.5623894,46,-.0358377,.0814202
-1.196281,30,-.215716,-.0005213
-.5243792,17,-.2237292,-1.700204
-.1721359,1,.2779761,-.7236006
-.4557564,36,-.3001903,.2893986
.8533686,49,-.0427878,1.539599
-.2784595,36,-.3001903,-1.365137
.5306544,49,-.0427878,1.188474
.7213327,48,-.0335016,2.023342
.9795765,27,.0312918,2.114332
1.749514,21,.1194077,1.204713
1.560253,34,.1150645,3.687328
-1.697821,49,-.0427878,-3.3711
-.3432517,31,.3502446,1.155599
.310953,21,.1194077,-.6430621
.1155198,42,-.0724434,-.5375447
-.8941952,16,-.1447206,-2.076118
.0498921,6,-.1332144,-.1824344
-.7119778,2,.223767,-.9101914
-1.144408,38,-.4097416,-1.116997
-.5059443,21,.1194077,-.4855669
1.342403,25,.0064102,1.262654
-1.700603,36,-.3001903,-1.673204
-.3236197,2,.223767,.1113441
-.8517947,36,-.3001903,.8666696
-.1335452,31,.3502446,-.4714758
.0152114,2,.223767,.7330137
-.6439295,11,.2070188,-.9683793
.2397976,2,.223767,.5332041
.5840391,2,.223767,1.722951
.4638471,2,.223767,.0593276
-2.146271,43,-.1141684,-2.966
-.6901386,36,-.3001903,.3903427
.5281258,2,.223767,1.421628
-.3387948,17,-.2237292,-.1212923
.7641596,15,.3195778,2.441386
.1886415,33,-.0607563,.5065358
1.420565,9,-.2843637,.4191982
.3802559,49,-.0427878,.3257778
.4146422,21,.1194077,-.6628391
-1.301005,18,-.4283678,-2.139833
-1.359423,24,.1646153,.1230202
-.9099404,18,-.4283678,-1.363263
.1450549,10,-.0930979,.2695708
.382329,31,.3502446,3.398224
1.05241,42,-.0724434,.5322096
-.7133606,2,.223767,.2920446
-.3032801,4,-.2620922,.0584692
-.1016058,26,.1111857,.6914254
1.606516,39,-.084102,2.122477
.4036554,31,.3502446,.2089909
-.7545407,42,-.0724434,-.8238299
.4481426,26,.1111857,1.308539
.5760047,31,.3502446,1.82809
-1.341425,6,-.1332144,-.8811576
.6011607,29,-.0397213,.5719587
.6641336,29,-.0397213,-.0895951
.4397109,28,-.1050764,-.2209454
.8396758,46,-.0358377,1.927329
-.6458868,20,.0210994,1.406682
-.1573639,42,-.0724434,-1.281253
-.4382223,36,-.3001903,.7448032
1.187965,39,-.084102,1.827882
.3070057,3,-.1077847,-.917556
.214145,20,.0210994,-.6881947
1.724467,15,.3195778,4.111119
.5410593,21,.1194077,2.102813
-.3750774,1,.2779761,-1.438456
-.081526,44,.3350981,-1.697648
.7773195,39,-.084102,-.4426847
2.027464,39,-.084102,.6127337
.0656227,25,.0064102,-.5950903
.4601843,4,-.2620922,.1813211
-1.229687,50,.0420224,-1.542707
-.4466175,42,-.0724434,.8260704
.2866619,2,.223767,-.7730035
1.064148,28,-.1050764,.00109
.3456622,29,-.0397213,-.8335648
-.840431,38,-.4097416,-.7656363
.7090601,21,.1194077,-.5298777
.0087063,31,.3502446,.5269359
-.5800966,16,-.1447206,-1.443727
-1.650398,50,.0420224,-.4072145
-2.467581,6,-.1332144,-2.694782
.7717494,4,-.2620922,.0870326
-1.233327,42,-.0724434,-1.031378
1.362212,20,.0210994,1.129939
.4512119,18,-.4283678,-.1322013
-.9816397,37,-.2579239,-.8228242
.509591,7,.0215672,-.1340361
-1.471033,25,.0064102,-.8862142
-.1581471,20,.0210994,-.067717
2.138059,34,.1150645,2.64595
2.027167,21,.1194077,.5774813
-.0396805,28,-.1050764,-.7277327
-2.338688,34,.1150645,-2.707909
.9227864,4,-.2620922,.8908807
1.509594,21,.1194077,1.885395
-.1523154,10,-.0930979,-.4739936
-.1243111,50,.0420224,-.9296987
-.650381,12,-.0675553,.0501822
-1.318447,23,-.1699248,.5849411
.5827279,4,-.2620922,1.22806
.5239979,39,-.084102,1.707195
1.394575,39,-.084102,1.940841
1.13269,43,-.1141684,2.059763
-.058522,2,.223767,-.9938483
-.5956507,43,-.1141684,.104004
.4227326,40,-.0302475,-.1949398
-.0031525,38,-.4097416,-1.526374
-.5360044,31,.3502446,-1.36838
1.875577,49,-.0427878,.1405576
-1.064074,9,-.2843637,.3326248
-.5379805,11,.2070188,-.6232545
1.19835,47,-.1696968,1.497951
-1.362199,50,.0420224,-1.680387
-1.146554,6,-.1332144,-1.581524
-.0742673,15,.3195778,3.059225
-.6886753,19,.1056873,-.3908875
.8944339,49,-.0427878,1.24614
.481964,49,-.0427878,.3550312
.7616289,5,.0040362,.6428831
1.589966,39,-.084102,3.472959
-.7652307,20,.0210994,-.5383387
.7817794,49,-.0427878,-.7272009
-.3577774,6,-.1332144,-1.224862
-.1489838,29,-.0397213,1.861138
-.9671929,21,.1194077,-1.783449
.1990681,46,-.0358377,-1.630566
-1.393031,23,-.1699248,-3.344447
.3886211,2,.223767,.6651353
-1.01107,31,.3502446,-2.508177
1.099748,1,.2779761,1.677481
-2.474994,38,-.4097416,-2.70351
-.4652988,40,-.0302475,-.0983248
-.5073059,29,-.0397213,-.8389602
1.291909,21,.1194077,-.4834756
-1.865512,30,-.215716,-2.92078
-.8408582,38,-.4097416,-.8197748
.8002471,15,.3195778,1.294794
-.1277556,32,-.1879835,-.3788406
-.185834,31,.3502446,-.7623883
-.4945035,48,-.0335016,-2.130907
-.4021211,11,.2070188,-.5003014
-1.392093,22,.5720116,.4155911
-1.40006,12,-.0675553,-1.203922
-.0765608,39,-.084102,-.762748
.4131584,30,-.215716,.6704929
.3213708,22,.5720116,1.953486
.6732703,19,.1056873,.2563975
-2.005527,33,-.0607563,-2.488336
1.000833,37,-.2579239,.5366068
.7261943,31,.3502446,1.409986
-.895888,3,-.1077847,-1.19103
1.435176,39,-.084102,2.828734
.8685498,20,.0210994,.9903646
.3059284,4,-.2620922,.0215589
-.5324097,50,.0420224,-1.27596
.6363221,49,-.0427878,2.876054
2.0576,1,.2779761,2.915113
1.590851,40,-.0302475,1.222435
-.5610235,17,-.2237292,-.6677168
.8469408,20,.0210994,.6656786
-.7924725,42,-.0724434,-2.20979
1.34612,49,-.0427878,2.935742
-.8601089,6,-.1332144,-1.930257
.6361848,21,.1194077,-.5545453
.8536029,21,.1194077,1.676371
.1516233,49,-.0427878,.0326272
-1.309618,14,.0234696,-1.440748
2.033404,20,.0210994,2.495082
2.041785,39,-.084102,2.485344
.7308325,46,-.0358377,-.2176586
-.1099274,31,.3502446,-.4208791
-.3271982,50,.0420224,-1.461534
.2719533,37,-.2579239,-.6092542
-.6320533,2,.223767,-.9357901
-.2727216,45,-.3267959,-.87431
1.178419,39,-.084102,.73093
1.253842,26,.1111857,2.761554
-.6024687,33,-.0607563,.4608478
.5381249,12,-.0675553,-.8953881
1.166183,9,-.2843637,1.584694
-1.320482,5,.0040362,-1.897977
1.474448,39,-.084102,.1532999
1.356666,49,-.0427878,-.8286673
.0463282,9,-.2843637,-.7482921
-.6828908,2,.223767,-.8368645
-.4210566,3,-.1077847,1.410233
-1.348001,25,.0064102,-1.662482
.5897587,28,-.1050764,-.7196012
-1.392172,46,-.0358377,-.7236566
-.137798,42,-.0724434,-.128323
-2.594087,42,-.0724434,-2.048825
.1451259,15,.3195778,.2851942
.0339537,32,-.1879835,.1948351
.8794435,39,-.084102,-.1376192
1.406287,46,-.0358377,.1269878
-.1603625,4,-.2620922,-.0642195
.7285084,39,-.084102,-.4958745
1.027726,21,.1194077,1.158427
1.050744,40,-.0302475,1.29051
-.1179781,20,.0210994,-.0158401
.1386681,50,.0420224,-.4080741
.9600649,44,.3350981,-.5302224
2.001169,3,-.1077847,1.219205
-.9705275,3,-.1077847,-.6770369
-.7571239,39,-.084102,.3962342
.4615649,31,.3502446,.2326696
1.141713,11,.2070188,1.945293
-.8738391,28,-.1050764,-1.507151
.2223025,26,.1111857,.2751601
-.4306629,2,.223767,.9859716
-.298932,6,-.1332144,-1.160302
-1.482587,3,-.1077847,-1.110651
-.2855916,39,-.084102,.781686
-.8418326,31,.3502446,.6456226
.0920199,14,.0234696,1.029338
2.367804,39,-.084102,1.550106
-.4798854,10,-.0930979,-1.411296
1.028976,46,-.0358377,-.5782276
.2647963,4,-.2620922,-1.111931
-.4536287,21,.1194077,-1.000312
-2.220048,31,.3502446,-1.903431
-.459072,26,.1111857,-1.035515
-.2331864,40,-.0302475,.3922954
1.422387,38,-.4097416,-.1702215
-1.252701,36,-.3001903,-.9752143
-.3870161,3,-.1077847,-.5141738
-1.539512,17,-.2237292,-2.271045
.2410211,49,-.0427878,-1.493824
1.008875,15,.3195778,.1244785
.0655146,23,-.1699248,1.207918
.9731667,17,-.2237292,.6807948
.8104194,29,-.0397213,2.714564
-.0672291,21,.1194077,-.3160664
2.104162,4,-.2620922,2.685781
.0142081,29,-.0397213,-.5156995
-.5879679,25,.0064102,-.1366616
.4195885,37,-.2579239,.9807481
-.1218276,50,.0420224,1.332134
-.5359617,42,-.0724434,.4678521
-.6553758,31,.3502446,.0695921
-1.329659,31,.3502446,-1.4317
-.2130309,44,.3350981,-.4061705
-2.142566,46,-.0358377,-3.764358
.025172,31,.3502446,.4359175
-1.721679,34,.1150645,.4847611
.1136208,41,.1912464,.9063562
-.616083,50,.0420224,-.5451329
.197577,40,-.0302475,.9767678
-.8753493,2,.223767,-2.07598
-.155788,50,.0420224,.5608141
.4167029,31,.3502446,.9564304
.8060756,49,-.0427878,.7248396
-1.642111,10,-.0930979,-1.843996
-.3031049,3,-.1077847,-.7396912
-.0917341,28,-.1050764,-1.230604
-.9079065,31,.3502446,.1214674
.259615,50,.0420224,.78407
.840847,26,.1111857,2.084718
-.0717654,30,-.215716,-.1464423
-.8597925,6,-.1332144,-1.104504
-.9996984,2,.223767,.5844567
.5423239,34,.1150645,-.1939441
-.1750938,3,-.1077847,-.5989003
-.4781879,5,.0040362,-.5193092
-.2055787,34,.1150645,-.4055856
2.028265,1,.2779761,.8848469
.2430918,15,.3195778,-.971776
-1.992516,3,-.1077847,-3.041646
2.203924,21,.1194077,2.262963
1.097901,31,.3502446,.6669683
.2780728,40,-.0302475,.1994949
.455339,10,-.0930979,-1.744441
-.1300962,18,-.4283678,-.8185542
.1252604,49,-.0427878,-.1620451
-1.356552,36,-.3001903,-.2315251
.9984818,49,-.0427878,.5539726
-1.236914,46,-.0358377,-1.859949
-.3827347,47,-.1696968,-1.312113
1.455561,39,-.084102,-.1048618
.8633289,29,-.0397213,.5639688
.2337258,10,-.0930979,-.5518026
-.8098962,43,-.1141684,.1145929
-1.195672,24,.1646153,-.7287453
-.7709127,50,.0420224,-1.640234
.3546576,46,-.0358377,.0232767
-1.435281,31,.3502446,.348995
1.407262,49,-.0427878,2.582345
-1.139711,6,-.1332144,.4433927
1.326344,41,.1912464,.8495724
-.7024459,35,.1707961,-1.773287
-.5321762,25,.0064102,-1.704976
-.4131177,25,.0064102,-.0829132
2.331824,21,.1194077,3.024271
-1.418381,14,.0234696,-.2531967
1.47222,31,.3502446,.0103057
1.419758,15,.3195778,1.601586
-1.168443,31,.3502446,-.463934
-.8013486,3,-.1077847,.5774085
-.4369472,4,-.2620922,1.195884
-.9227892,45,-.3267959,-1.406922
1.14046,26,.1111857,1.391186
.611963,20,.0210994,.7212566
.3061497,45,-.3267959,1.107994
.0855999,10,-.0930979,.7794433
-1.619867,36,-.3001903,-.0955882
.411302,2,.223767,1.808388
.054557,49,-.0427878,.0748175
-1.966875,6,-.1332144,-2.538909
.1226719,42,-.0724434,-.6590493
.159537,31,.3502446,.9489031
.2196337,38,-.4097416,-.8645681
-.5275126,2,.223767,.727248
.0955222,26,.1111857,.2629798
1.272046,37,-.2579239,.3651499
-.3628365,1,.2779761,-1.948981
1.413171,31,.3502446,.858154
.4090119,49,-.0427878,1.920319
-1.114185,28,-.1050764,.1172128
-.1238269,2,.223767,-.7742447
.4935597,39,-.084102,-.6658304
.041959,34,.1150645,-.4928124
2.007654,4,-.2620922,.4115736
.2758308,49,-.0427878,-.2881824
.2408685,17,-.2237292,.7000344
-.2604722,30,-.215716,-2.114454
-1.227116,1,.2779761,-1.222299
-.4908554,30,-.215716,-2.173593
-.0259776,49,-.0427878,.13905
1.388047,49,-.0427878,.4326658
1.790773,39,-.084102,2.831121
.1390561,24,.1646153,1.780522
-1.725023,36,-.3001903,-1.583613
-.1951719,28,-.1050764,.0573816
.7372628,45,-.3267959,1.548263
-1.108593,6,-.1332144,-1.978561
.6096705,47,-.1696968,.4819308
.217033,2,.223767,.1823194
.3669483,40,-.0302475,1.128621
-.4286657,31,.3502446,.2902128
.6768886,17,-.2237292,.0187866
-.1103489,9,-.2843637,-.7904646
-.725731,13,-.1037852,-.9591039
-1.387589,31,.3502446,-1.628214
-.3673989,31,.3502446,1.433548
1.122489,2,.223767,2.878173
-1.135195,31,.3502446,.1290749
1.493479,15,.3195778,2.801677
-.1934621,31,.3502446,-1.230894
-.6262645,5,.0040362,-1.860056
1.199638,3,-.1077847,1.405202
-.4278238,33,-.0607563,-1.657271
.6129063,46,-.0358377,.3282307
.1439281,17,-.2237292,.1888814
1.084852,31,.3502446,1.833789
-1.083026,6,-.1332144,-1.958487
.4458641,31,.3502446,.5457596
1.376034,31,.3502446,.954774
.5281216,47,-.1696968,-.8280143
.1938193,37,-.2579239,-.7998312
-.148528,31,.3502446,.2364323
.214068,4,-.2620922,1.68574
1.190251,29,-.0397213,1.718598
2.266908,13,-.1037852,1.699072
.876932,21,.1194077,-.2764885
.0655326,2,.223767,1.65068
1.444706,21,.1194077,1.421086
.0647177,26,.1111857,-2.1028
-1.017051,11,.2070188,-1.814821
-.5168708,1,.2779761,1.100992
.2812378,30,-.215716,1.543636
-.5653825,12,-.0675553,-.5993569
-1.682095,3,-.1077847,-1.667441
.4871319,20,.0210994,.9322503
-.0806724,2,.223767,.1628093
.3071539,45,-.3267959,.3697029
-1.317741,46,-.0358377,-1.614673
-.4583862,2,.223767,-.8435172
1.302906,31,.3502446,.6155134
-.29801,46,-.0358377,-.176708
.1106389,6,-.1332144,-1.66166
2.779849,39,-.084102,2.199351
1.934846,34,.1150645,2.462404
1.166793,31,.3502446,2.084654
1.137628,1,.2779761,1.123984
-.5788044,50,.0420224,.5422254
.8629224,39,-.084102,2.043107
-1.172081,36,-.3001903,-1.606662
.983652,49,-.0427878,.3372654
.0513734,16,-.1447206,.3204778
-1.54656,38,-.4097416,-3.376739
-.7367564,39,-.084102,.1058031
-.4516837,42,-.0724434,.3750347
.3306257,26,.1111857,.5480497
-.3161468,50,.0420224,.5324548
.3424928,2,.223767,1.799592
1.916186,26,.1111857,3.582624
.6618827,31,.3502446,-.6112561
-.3574912,45,-.3267959,.2151979
-1.330278,38,-.4097416,-.5050898
.5158515,11,.2070188,.5286623
-.6391573,42,-.0724434,-.1241741
-2.598839,33,-.0607563,-3.79896
.6371798,27,.0312918,2.583646
1.003913,26,.1111857,.6023953
.0061906,30,-.215716,-.736331
.0550936,46,-.0358377,-.7279461
1.054768,26,.1111857,1.060841
.2152199,26,.1111857,1.353647
.2730578,35,.1707961,.8377646
-.8508627,36,-.3001903,-1.716672
-.9784864,39,-.084102,-.9460612
-1.053723,14,.0234696,.2234426
-.0220259,11,.2070188,-.2270188
1.23553,26,.1111857,.4783978
.8118852,49,-.0427878,-.0080851
-.4391522,32,-.1879835,-.8785693
-.0089595,21,.1194077,-1.706174
.3356803,39,-.084102,-1.039343
.5963369,7,.0215672,-.1167212
-1.137539,49,-.0427878,-1.668427
.8697873,1,.2779761,2.057647
-.361981,25,.0064102,-1.224871
.3228372,46,-.0358377,-.7347994
1.545956,1,.2779761,2.321573
.3622727,32,-.1879835,-1.138278
-1.588234,2,.223767,-1.918927
-.4954745,30,-.215716,.9712045
-.7587771,50,.0420224,-1.20248
.21159,22,.5720116,.2652163
.58542,46,-.0358377,1.191772
.3692403,4,-.2620922,-.4675542
.6633304,31,.3502446,1.884313
-.4973626,30,-.215716,.7651284
-.1055088,7,.0215672,1.07033
-.7888086,21,.1194077,-.5751979
.4410063,28,-.1050764,-.6798429
-.1859529,30,-.215716,-.3511883
-.5338964,16,-.1447206,.0696105
1.518406,20,.0210994,-.9397087
.106294,49,-.0427878,-1.140461
.9896774,39,-.084102,.5525858
-.3428614,29,-.0397213,-.294355
-.9900461,31,.3502446,.2865187
.8386993,20,.0210994,1.636977
.7251438,14,.0234696,1.571557
-.2697554,23,-.1699248,.4562792
1.071192,31,.3502446,2.753773
-.3508216,14,.0234696,-1.05167
-.0870365,50,.0420224,-2.304255
-.1794056,39,-.084102,-2.288254
.5433981,9,-.2843637,1.559765
.1902612,31,.3502446,.6159276
-.921073,25,.0064102,.7193438
-.1623179,2,.223767,.5495033
-.3747039,47,-.1696968,-1.157376
-1.352968,2,.223767,-1.322388
-.6945517,17,-.2237292,-1.79873
-.7615564,8,.2029345,.1178525
-.5623522,9,-.2843637,-1.737404
-.1590471,31,.3502446,.4073379
-.6192884,49,-.0427878,-1.836032
-.4172653,39,-.084102,-1.480134
-.4217087,29,-.0397213,-1.167344
.3393334,13,-.1037852,-.9511091
-.0690983,31,.3502446,.915451
1.729021,15,.3195778,2.775722
.1368153,4,-.2620922,-.044977
.6436783,31,.3502446,2.769067
-1.495031,39,-.084102,-1.093669
.175025,21,.1194077,-.6103336
.9780983,31,.3502446,1.52965
.3601852,6,-.1332144,1.182687
-2.096069,38,-.4097416,-1.824131
1.999668,11,.2070188,2.9367
-.985981,49,-.0427878,-.6967626
-.6922291,3,-.1077847,-1.294866
-1.267084,2,.223767,.3269549
-.0145385,27,.0312918,-1.206459
.0796188,31,.3502446,.9102382
-1.053448,33,-.0607563,-.1679571
1.98013,34,.1150645,4.340753
-.070362,20,.0210994,-.9136955
-.411854,13,-.1037852,.4360196
-.059274,3,-.1077847,-.4028
-.4806049,4,-.2620922,-2.148227
-.3589593,15,.3195778,.8444725
-.1102498,32,-.1879835,-.5162226
1.997759,39,-.084102,2.117171
.3035715,6,-.1332144,-1.215063
.9558664,31,.3502446,-1.803821
-1.683158,36,-.3001903,-2.469887
-.6396801,38,-.4097416,-.8196692
.0123361,27,.0312918,-.014489
.5988181,46,-.0358377,.6799797
-1.859677,38,-.4097416,-1.309001
-.2963125,9,-.2843637,-.0720828
-.0530346,40,-.0302475,-1.159443
-.3833758,18,-.4283678,-.358796
-2.680792,31,.3502446,-4.575801
-.8197894,31,.3502446,-.7915911
.0425686,32,-.1879835,-1.579484
.6477466,18,-.4283678,.7474144
-.4148477,34,.1150645,-1.558154
2.286963,39,-.084102,2.41958
-.8436301,10,-.0930979,-1.114477
-.2792514,40,-.0302475,-.4815058
.2006084,38,-.4097416,-.1901189
.1448316,49,-.0427878,1.669107
2.245472,46,-.0358377,2.170755
.1937671,2,.223767,-.4087814
.7306595,49,-.0427878,-.1893149
.0139988,31,.3502446,1.173201
1.449725,17,-.2237292,2.240978
.7486827,31,.3502446,.9348614
.2200567,39,-.084102,.6901943
.426207,49,-.0427878,-.1285304
.4804107,39,-.084102,-.3125354
-.1538128,39,-.084102,-1.141879
.4045965,31,.3502446,.235159
.1419549,39,-.084102,-1.183217
.3675235,3,-.1077847,.3180687
-1.795306,38,-.4097416,-2.393108
-.9996967,38,-.4097416,-.9959695
-.0122216,31,.3502446,1.580823
-2.74841,17,-.2237292,-2.652171
-1.275461,45,-.3267959,-.7196599
1.575219,37,-.2579239,1.319837
.751009,33,-.0607563,.7047678
-.513194,4,-.2620922,-1.091722
-1.032456,31,.3502446,-3.087474
-.863175,37,-.2579239,-.6719962
.8383433,45,-.3267959,.1399745
-.2150142,42,-.0724434,1.026154
.4965103,26,.1111857,-1.866114
-.3505727,49,-.0427878,-.500863
.2657745,20,.0210994,-1.082137
-2.154305,3,-.1077847,-2.203165
.6241141,21,.1194077,2.134066
.5670833,39,-.084102,1.27623
.1544502,6,-.1332144,.6402142
-.3721863,28,-.1050764,-.8845766
-1.474161,31,.3502446,-2.450056
-.3104076,2,.223767,-.2962838
1.134755,21,.1194077,2.564173
-.510639,50,.0420224,-1.622522
-1.396404,6,-.1332144,-2.092449
-2.027661,32,-.1879835,-3.613258
-.481167,36,-.3001903,-1.687743
-1.848996,47,-.1696968,-3.799829
-.3036848,31,.3502446,-.8556138
2.29988,39,-.084102,.4663334
.1439905,36,-.3001903,-.8209955
-.5217664,4,-.2620922,-1.222457
.4718215,40,-.0302475,1.983449
.2043759,28,-.1050764,2.257972
-1.902619,27,.0312918,-1.50394
-1.541248,17,-.2237292,-2.290048
.0599683,36,-.3001903,.2345389
.1774471,26,.1111857,1.284149
-.0413706,17,-.2237292,.3525274
1.401458,12,-.0675553,3.089406
-.5855775,28,-.1050764,-.9016723
-.8417988,2,.223767,.4123397
1.712645,21,.1194077,1.496112
-.1071447,7,.0215672,-.87199
-.1465874,3,-.1077847,-1.232394
-1.110625,42,-.0724434,-1.02348
.240567,31,.3502446,.482994
-.528474,4,-.2620922,-.9103431
-.1970967,3,-.1077847,-.2442492
1.876133,28,-.1050764,.2249743
-.9992152,6,-.1332144,.1824567
-1.042225,17,-.2237292,-.0325106
-.0399145,34,.1150645,-.1463895
.0086997,31,.3502446,1.694645
-.2832204,10,-.0930979,-2.001049
-.602127,37,-.2579239,-1.424632
-.4453257,12,-.0675553,.7883555
1.524384,31,.3502446,2.318744
-1.568594,3,-.1077847,-2.77622
-1.863765,37,-.2579239,-2.055721
.7700149,4,-.2620922,.4328648
.3548431,13,-.1037852,.1567509
-.2615103,50,.0420224,.3765447
-.3755589,3,-.1077847,.5060933
-1.210227,22,.5720116,-.3123545
-1.050722,3,-.1077847,-2.100518
-1.868363,2,.223767,-1.304076
-.5358659,42,-.0724434,-1.993113
.3381585,46,-.0358377,-1.161128
-.022008,38,-.4097416,-.7548726
-.2520267,14,.0234696,-3.047643
-.9690636,28,-.1050764,-1.415034
-.133104,31,.3502446,1.522138
.5179905,39,-.084102,1.420695
.912851,2,.223767,1.711456
-1.448844,2,.223767,-1.02136
-.3790511,3,-.1077847,-.7447959
-.0568847,2,.223767,3.048078
-.5665535,31,.3502446,1.17691
.5395665,31,.3502446,2.259759
1.074439,21,.1194077,1.371458
.7605107,25,.0064102,2.945289
-.6747243,29,-.0397213,-.7916409
1.145067,6,-.1332144,-.6626071
.680091,35,.1707961,.7172264
-.3427146,31,.3502446,.3961737
-.3529537,34,.1150645,.3007544
.8108533,26,.1111857,1.183257
-1.16216,46,-.0358377,-2.78079
-1.774019,42,-.0724434,-1.848871
-.4616616,34,.1150645,-.9291906
-.6772386,30,-.215716,-1.354556
-.2754662,42,-.0724434,.2243523
-.6520149,1,.2779761,.6678539
.0018821,27,.0312918,-.6653801
.236967,45,-.3267959,-.1084547
-.7220597,43,-.1141684,.4253285
-1.176522,49,-.0427878,-2.84921
-.3891858,26,.1111857,-1.497009
1.262867,30,-.215716,2.119514
.1332822,23,-.1699248,.2074835
-.7254195,17,-.2237292,-1.270057
-.3617074,21,.1194077,.8502467
.5041664,36,-.3001903,-.1330476
-.2824768,17,-.2237292,-3.281158
.4518469,31,.3502446,2.42688
2.030552,39,-.084102,1.853299
.4832589,2,.223767,3.04815
-.1806246,21,.1194077,.3076492
-1.261633,11,.2070188,-1.332537
.1264901,21,.1194077,-1.83413
-.5249071,17,-.2237292,-.0565347
.266024,46,-.0358377,.2181046
.6460221,29,-.0397213,.0902801
.5100169,3,-.1077847,-.7984645
-.6550426,7,.0215672,-.6447818
-.6558532,32,-.1879835,-1.995526
-.2008906,36,-.3001903,.0047606
-1.491551,42,-.0724434,-.587237
-.545971,6,-.1332144,-.0301866
-1.327864,18,-.4283678,-2.671921
1.141955,3,-.1077847,.3846854
-1.295455,36,-.3001903,-2.395671
.1013602,22,.5720116,2.723747
1.126076,12,-.0675553,-.5251512
-1.20735,2,.223767,-1.989204
-1.343223,25,.0064102,-1.61988
-1.352882,45,-.3267959,-1.830812
.2181548,6,-.1332144,.2225796
-.1696155,50,.0420224,.3339838
.6840512,21,.1194077,.2040944
.4605146,36,-.3001903,1.368033
.3958952,21,.1194077,2.256109
-.1260053,29,-.0397213,-.8199336
-.082022,49,-.0427878,.6297883
-.7742077,6,-.1332144,-.1610436
-1.249813,50,.0420224,-2.205386
-.6253411,4,-.2620922,-.7620218
.3394528,34,.1150645,.7791692
-.8985768,49,-.0427878,-.2908134
.379473,20,.0210994,1.568211
-.5473414,32,-.1879835,-.127777
-.1490887,32,-.1879835,-.9910244
-.105599,16,-.1447206,.1650916
.8425671,2,.223767,1.413319
-.7265462,4,-.2620922,-.3055416
.5827503,6,-.1332144,-.1699645
.1223215,31,.3502446,-.7206482
-.3683891,16,-.1447206,-.7006727
.0279417,31,.3502446,1.64073
-.4518565,31,.3502446,-.0414499
-2.064327,8,.2029345,-1.848113
1.237156,28,-.1050764,-.1045332
.7518167,21,.1194077,1.452403
1.416304,15,.3195778,.7678013
.7303422,31,.3502446,.8654028
.7012431,36,-.3001903,1.396748
1.10497,49,-.0427878,1.084456
.272759,49,-.0427878,1.135107
.5826253,11,.2070188,-.6078398
-1.190928,6,-.1332144,-1.462238
-.1622613,29,-.0397213,.4120605
-1.319812,8,.2029345,-2.486294
1.052149,49,-.0427878,1.05969
.5536171,3,-.1077847,1.031117
1.617573,49,-.0427878,2.692243
.8752689,17,-.2237292,2.681344
.261753,39,-.084102,-.4079248
.5440803,2,.223767,1.29256
.4478469,20,.0210994,.1076267
-1.069568,27,.0312918,-.6301162
-.5752167,36,-.3001903,.0298929
-.256162,32,-.1879835,-1.852618
-.4986252,2,.223767,-1.984742
1.608153,34,.1150645,2.967737
.3494503,49,-.0427878,-.6072344
.9525836,34,.1150645,.9139761
.7337391,31,.3502446,1.139852
-.4597319,36,-.3001903,-.1783762
-1.395658,31,.3502446,1.286523
-.2728233,50,.0420224,1.088731
-.4713154,6,-.1332144,-.8129584
-.9535698,43,-.1141684,-2.332474
-.3701665,48,-.0335016,1.191723
1.594199,21,.1194077,1.867832
1.011036,26,.1111857,1.797735
-.4407336,31,.3502446,-.6075305
1.577328,11,.2070188,1.329275
-.9457511,7,.0215672,-.5032062
.1461851,9,-.2843637,-2.164925
-1.746467,36,-.3001903,-1.370471
-1.65782,2,.223767,-.0642403
1.372223,46,-.0358377,1.281347
-.6091224,30,-.215716,-1.02081
-.3277721,21,.1194077,-.1989411
.1818887,31,.3502446,-.2041788
-.2675434,46,-.0358377,.1434391
1.495964,4,-.2620922,1.81968
-.4291379,2,.223767,.6595221
.2547278,28,-.1050764,.4344213
.9027683,9,-.2843637,1.279425
-.341408,2,.223767,.9882193
1.047868,39,-.084102,2.436983
-.6191423,17,-.2237292,-.4490797
.4839276,21,.1194077,-.1220299
1.407327,4,-.2620922,.6148203
1.959262,31,.3502446,2.681616
.5676768,28,-.1050764,-2.061177
1.057486,49,-.0427878,.0752632
-.158563,25,.0064102,-.4613418
1.26256,31,.3502446,1.53802
-2.616248,17,-.2237292,-3.164357
1.347731,20,.0210994,.6575654
-.8821934,23,-.1699248,.6364989
-1.889724,50,.0420224,-2.377036
-.4254779,22,.5720116,-1.39774
-.3162023,14,.0234696,-.5533166
1.078099,21,.1194077,1.660304
-1.327957,27,.0312918,-.6473631
-.3399831,2,.223767,-.4000612
-.60221,38,-.4097416,-1.519132
1.777656,46,-.0358377,1.599719
-1.278416,2,.223767,-.8853565
-.1940823,50,.0420224,.203274
.5378539,25,.0064102,.4139397
-2.44162,36,-.3001903,-2.72544
1.315189,3,-.1077847,2.967976
.7972101,30,-.215716,.4181159
1.25262,39,-.084102,.4811403
-1.013068,34,.1150645,-.9940138
.67269,4,-.2620922,.263326
-.2331166,25,.0064102,1.038062
.65864,4,-.2620922,.0376679
.0359667,3,-.1077847,.6290368
-.6974998,42,-.0724434,-.9792172
-2.11255,17,-.2237292,-1.382602
-.3058772,17,-.2237292,-1.968252
.3828288,14,.0234696,1.601654
.9312168,4,-.2620922,1.331781
-.255129,34,.1150645,.0508611
-.3603448,14,.0234696,-.1271868
.9365647,39,-.084102,1.364602
.39481,2,.223767,2.781325
.9588979,39,-.084102,2.259118
.9266215,37,-.2579239,.761822
-1.207256,24,.1646153,-1.180961
.3235316,27,.0312918,-.3126988
.3448083,43,-.1141684,.2290437
-1.106136,43,-.1141684,-2.122117
.0323561,4,-.2620922,.3446487
.3931342,26,.1111857,-1.255129
.6276506,20,.0210994,2.501191
-.3668292,42,-.0724434,-2.169291
-.733822,44,.3350981,1.198768
.7789861,13,-.1037852,-.6441774
-.112003,49,-.0427878,-.8518468
1.691065,49,-.0427878,2.200488
1.790313,21,.1194077,1.872314
-.3846747,37,-.2579239,-.4248996
-1.806094,16,-.1447206,-2.648555
1.6601,21,.1194077,2.364959
-.7303954,34,.1150645,1.421055
1.544698,26,.1111857,1.567154
.793354,6,-.1332144,2.242173
-.4368039,43,-.1141684,-.4802044
2.00244,3,-.1077847,.491145
-.0749828,48,-.0335016,.4989483
-.4256335,1,.2779761,.9949436
-.7811815,31,.3502446,.3739718
-1.497055,49,-.0427878,-.0875978
-.5619871,31,.3502446,-2.615099
.7879687,17,-.2237292,1.895749
.8566737,31,.3502446,.9879252
-.112294,31,.3502446,-.5502167
-.8314017,42,-.0724434,-1.779338
1.518939,39,-.084102,.7245123
-1.81777,24,.1646153,-.8778209
-.4952676,34,.1150645,.8260691
.8286148,48,-.0335016,2.05079
-.9640028,46,-.0358377,-1.811763
-1.121942,7,.0215672,-1.076763
-.6199806,3,-.1077847,-3.39545
-1.435804,3,-.1077847,-2.799993
.2986191,3,-.1077847,.7963358
-.4726959,25,.0064102,.4029172
.8512308,46,-.0358377,-1.253605
-.5078034,46,-.0358377,-1.621143
-.4457687,50,.0420224,-1.337303
-.9733356,31,.3502446,-1.899091
.3751754,32,-.1879835,-.7839962
.6085587,12,-.0675553,.4478266
-.4649438,31,.3502446,.1667906
-.4080072,7,.0215672,-.0324327
.529038,21,.1194077,-.2634363
.7422166,46,-.0358377,-.5771128
-.6575638,3,-.1077847,-.6351571
.0637181,31,.3502446,.0377043
-.1570619,25,.0064102,.2638871
1.034926,15,.3195778,.3544982
-.8126385,37,-.2579239,-2.164942
-.067633,31,.3502446,1.769619
.5133325,9,-.2843637,-.1992547
-1.523137,37,-.2579239,-1.295269
.0827478,29,-.0397213,.2919746
-1.005195,42,-.0724434,-1.377197
-.4548055,28,-.1050764,-.571288
-.5229945,2,.223767,-1.969392
-2.469211,2,.223767,-1.042872
1.097064,4,-.2620922,.5210915
.2525935,39,-.084102,2.03124
1.306103,25,.0064102,.7507524
-1.094139,49,-.0427878,-1.583421
-1.304463,6,-.1332144,-1.253518
-.2821617,3,-.1077847,.0895713
.2325898,31,.3502446,.4686194
-.3276853,37,-.2579239,.9398513
-1.311417,50,.0420224,-1.507656
-2.6931,2,.223767,-3.053379
.6494412,34,.1150645,.6949869
-2.443403,50,.0420224,-3.107133
1.388583,10,-.0930979,2.085598
-.6377732,17,-.2237292,-.3617024
-1.007203,33,-.0607563,-1.55003
-.6252405,49,-.0427878,-1.682394
2.483044,9,-.2843637,1.899186
.0639665,33,-.0607563,.6641786
-.6408281,5,.0040362,.0070315
.1723871,31,.3502446,1.544511
.408357,1,.2779761,.2093189
.044737,3,-.1077847,-.1586805
-1.63985,17,-.2237292,-.6241355
.7813528,30,-.215716,1.278629
.0563383,49,-.0427878,.5371665
-.8392585,49,-.0427878,-.2082003
-1.530103,32,-.1879835,-1.824366
-.6952502,2,.223767,-.5522409
.0088294,21,.1194077,1.021542
-.6603279,49,-.0427878,-.1157136
-.0434821,21,.1194077,1.962385
-1.319751,31,.3502446,-1.320364
1.053449,21,.1194077,.9496304
.2860157,50,.0420224,-1.312459
.9102213,27,.0312918,1.118527
.8831201,39,-.084102,.4961653
.9749533,18,-.4283678,-.040268
.2536851,39,-.084102,-.3849013
.5212452,1,.2779761,1.703473
.4069114,25,.0064102,.1122074
-1.445412,32,-.1879835,-1.319815
-.9323015,14,.0234696,.4427896
.3025475,2,.223767,.6038483
.9871398,31,.3502446,1.206209
.2633592,2,.223767,.9096154
1.472978,18,-.4283678,.9907018
1.023532,34,.1150645,.3089302
-.8554372,2,.223767,-.245534
.7756709,39,-.084102,-.9412023
-1.129707,2,.223767,1.037674
.1047117,26,.1111857,.7325314
.477816,20,.0210994,-.670076
1.167364,3,-.1077847,.5529482
.5094207,39,-.084102,.2606976
-.6454152,28,-.1050764,-.2936708
-1.100569,34,.1150645,-1.290095
-.2309897,50,.0420224,-.1312612
-2.006272,12,-.0675553,-3.136539
-2.005833,36,-.3001903,-3.724154
-.0892515,6,-.1332144,-.4598246
.090106,2,.223767,.9535006
-1.818689,42,-.0724434,-1.394515
.3286245,31,.3502446,.3344072
-1.840052,17,-.2237292,-2.185133
-2.577113,6,-.1332144,-4.532015
-.1674871,21,.1194077,.7485935
.0907181,49,-.0427878,-.2154042
.9888244,9,-.2843637,1.428505
.2589475,46,-.0358377,1.720443
-.7875242,31,.3502446,-2.117122
1.264354,49,-.0427878,1.162182
.6458154,31,.3502446,.4287273
.7993296,39,-.084102,-.3417878
.2948094,27,.0312918,.4415631
1.198053,21,.1194077,3.074823
1.111249,44,.3350981,2.214597
-.4051614,31,.3502446,-.3794347
.8893907,42,-.0724434,.2853074
1.854792,21,.1194077,1.772468
-.6336834,36,-.3001903,-1.001982
-1.051267,28,-.1050764,-1.7574
-.0445055,49,-.0427878,-.475882
-.0002331,44,.3350981,.3354394
.3718382,21,.1194077,-.5324682
.5141833,2,.223767,1.125191
-.3459461,47,-.1696968,-2.169194
.2483146,39,-.084102,-.1421129
-1.158803,36,-.3001903,-1.124143
-.3200935,31,.3502446,.5411179
-1.723961,2,.223767,-1.740845
-.5638102,50,.0420224,-1.158585
1.226943,21,.1194077,1.534552
1.34306,30,-.215716,.3360544
1.725348,39,-.084102,3.17414
-.2229714,47,-.1696968,-.5892642
-.4703325,2,.223767,.2239362
-.0546777,50,.0420224,.5551522
.2526434,31,.3502446,1.02914
.5362919,4,-.2620922,-1.320309
.6026255,15,.3195778,1.54007
-1.861972,31,.3502446,-1.056777
-.2131721,14,.0234696,-.3933091
.3999789,3,-.1077847,-.0464068
-1.521222,49,-.0427878,-.9347916
1.782315,36,-.3001903,.758647
.5381941,46,-.0358377,1.60568
-.4377469,30,-.215716,-1.494259
-1.625495,6,-.1332144,-2.161896
2.779469,47,-.1696968,4.237378
-1.412379,24,.1646153,-1.56996
.4960776,13,-.1037852,.0766566
.7743112,39,-.084102,.9583794
-.5416296,46,-.0358377,1.607343
.8503619,49,-.0427878,.7673119
-.2867047,21,.1194077,-1.434151
-1.968464,7,.0215672,-1.429122
1.058565,1,.2779761,.6847521
-.3610201,1,.2779761,.8939813
2.640476,40,-.0302475,2.666436
-1.040746,14,.0234696,.1466268
.4930653,39,-.084102,1.137196
.641564,31,.3502446,1.567013
.6817287,21,.1194077,1.754034
2.696356,39,-.084102,4.447432
.325939,26,.1111857,-.8341671
-1.081185,43,-.1141684,-1.823168
-.3792811,46,-.0358377,-1.087496
1.754746,31,.3502446,2.111709
.5469494,12,-.0675553,.8446942
-.3631784,32,-.1879835,-2.628911
-1.347006,38,-.4097416,-1.724129
-.9928396,34,.1150645,-1.957184
-.8496603,50,.0420224,-.8590872
.3579645,25,.0064102,1.137524
1.542308,4,-.2620922,1.29582
.2353984,24,.1646153,1.36919
.2464995,49,-.0427878,.4986912
-1.680613,2,.223767,-1.142587
-.1592031,29,-.0397213,-2.062573
-1.765784,50,.0420224,-2.447958
.2730877,24,.1646153,-.3617613
-.0453585,2,.223767,.6929279
2.079362,26,.1111857,.526653
-.2736215,23,-.1699248,-.4714857
.2875851,36,-.3001903,-.9627464
.3161319,1,.2779761,-.0608388
.2258793,7,.0215672,.7575914
-.3228336,33,-.0607563,1.167396
-1.194297,49,-.0427878,-.3608064
-.7661498,6,-.1332144,-1.835198
1.353876,49,-.0427878,.7806686
-1.183045,2,.223767,-.2075845
.8992408,26,.1111857,-.0174946
-.0263635,30,-.215716,1.233734
-2.026201,43,-.1141684,-.866154
-.7893951,32,-.1879835,-.5946308
2.713227,21,.1194077,2.601407
.4706446,1,.2779761,.9082313
-1.590579,16,-.1447206,-2.945053
-1.045018,3,-.1077847,-1.227324
-.9068137,48,-.0335016,-.8021806
.1087778,25,.0064102,.3945109
.4569815,15,.3195778,-.1806714
.7543756,49,-.0427878,.0427375
-.1808063,16,-.1447206,-.5366188
.6326802,21,.1194077,.6334192
-.6281983,33,-.0607563,.823309
.3769049,30,-.215716,-2.006783
1.007559,49,-.0427878,.9603835
.692238,21,.1194077,1.603059
-.148151,2,.223767,.9969792
-.1899174,31,.3502446,.0452288
-.881909,26,.1111857,-.5443366
.8185578,46,-.0358377,1.568609
1.717926,4,-.2620922,1.278645
-1.288598,6,-.1332144,-1.296282
-.2590008,23,-.1699248,-.0924804
.0826996,9,-.2843637,.3367383
-.6631472,27,.0312918,-1.517405
1.90192,29,-.0397213,3.270668
.5083552,36,-.3001903,-1.15909
2.654046,21,.1194077,2.4841
-.1822586,39,-.084102,.4547488
-1.114534,2,.223767,-1.827366
-.2158876,37,-.2579239,-.0298747
-1.339392,43,-.1141684,-1.255473
-.5657366,37,-.2579239,-.909322
.8926947,31,.3502446,.8541775
-.8815837,6,-.1332144,-1.600224
-1.125797,31,.3502446,-1.274161
.5060524,49,-.0427878,-1.547475
-1.05096,35,.1707961,-1.925701
1.477382,46,-.0358377,2.286164
-1.214025,49,-.0427878,-1.591236
.207514,28,-.1050764,.1747092
.0310255,16,-.1447206,-.6920301
-.7029253,17,-.2237292,-2.429087
.8337398,21,.1194077,.4776539
.7019102,26,.1111857,-.6344438
-.8212052,50,.0420224,.0487936
.0219232,3,-.1077847,-.1063168
-.4196472,2,.223767,.5271845
-.2990724,15,.3195778,-.7566326
-.9666245,2,.223767,-2.557931
.5992703,22,.5720116,1.634182
-.1019938,4,-.2620922,1.106003
1.654753,15,.3195778,.7100438
.4771612,4,-.2620922,-1.046749
-.7544528,17,-.2237292,.7587807
-1.156692,29,-.0397213,-3.269358
1.041704,2,.223767,2.738767
-2.369282,16,-.1447206,-1.241459
-1.246987,3,-.1077847,-1.282457
1.342294,20,.0210994,3.73728
-1.18828,6,-.1332144,-2.194531
-1.112973,49,-.0427878,.2216538
-1.058593,36,-.3001903,-.08784
-.6756949,31,.3502446,.0583033
-.3131224,31,.3502446,-.7493721
-.2417013,4,-.2620922,.1553778
-1.44754,21,.1194077,-1.448428
-.4749763,24,.1646153,-1.001974
-.0978225,17,-.2237292,1.693141
1.65905,28,-.1050764,.5935026
-.9209874,30,-.215716,-1.454815
-.492569,31,.3502446,-.5135612
-.5448108,33,-.0607563,-2.596442
.44776,31,.3502446,.9334955
1.637527,39,-.084102,1.335993
-.9246691,31,.3502446,-1.268308
-2.122054,27,.0312918,-2.730057
-.556419,31,.3502446,1.78069
.3709179,39,-.084102,.2333837
-.8877695,32,-.1879835,-2.225234
1.105524,22,.5720116,4.049247
.1882479,31,.3502446,-.2256779
.9612784,9,-.2843637,1.202957
-2.093462,44,.3350981,-.6245316
-.4441636,31,.3502446,-.6591315
.820307,14,.0234696,2.041083
-.4565651,3,-.1077847,.0479963
.0680152,46,-.0358377,-.7522518
.947051,16,-.1447206,1.201082
-.071298,39,-.084102,.3597438
-.7641616,14,.0234696,-2.164418
.2135561,49,-.0427878,-.0853155
-.5564526,2,.223767,.0823283
-.499703,18,-.4283678,.0272467
-1.396538,7,.0215672,-1.562649
.3901759,40,-.0302475,1.293264
-1.867738,17,-.2237292,-2.475634
-.5185632,10,-.0930979,1.650724
1.251844,11,.2070188,1.131722
.2897514,25,.0064102,.8410895
.2890244,26,.1111857,1.500475
.7917639,2,.223767,.7371266
-.0499741,25,.0064102,-.1863902
.7079292,40,-.0302475,.9208058
.3316084,2,.223767,.8529266
1.147663,21,.1194077,.2652363
.2760462,7,.0215672,.9783891
-.0815575,33,-.0607563,1.636921
-1.244861,21,.1194077,-.3723137
-.7446523,26,.1111857,-1.461574
-.0585843,37,-.2579239,-2.668
.5835272,26,.1111857,.4986667
.4982529,20,.0210994,.0637554
.3089949,23,-.1699248,1.67513
-2.040693,2,.223767,-1.964568
-.5715994,7,.0215672,-1.771812
-.3713546,7,.0215672,-1.708428
-.2372779,31,.3502446,-1.211566
1.000127,28,-.1050764,.9497383
.6751052,34,.1150645,2.308699
-.5000678,43,-.1141684,-1.435297
.6324841,49,-.0427878,1.564362
-1.328799,26,.1111857,-1.546787
-1.247597,2,.223767,-1.234113
-1.154824,11,.2070188,-.5283993
.9313508,39,-.084102,-.0276654
.4812662,49,-.0427878,-.707894
.136195,49,-.0427878,.2138814
-1.428654,21,.1194077,-1.374021
2.182049,31,.3502446,4.175241
.8881639,28,-.1050764,.7780363
-.4404803,50,.0420224,-2.476672
-1.582423,37,-.2579239,-2.033335
.9239978,26,.1111857,3.330686
-1.538871,12,-.0675553,-3.356064
-1.13881,2,.223767,-.2700033
1.624189,1,.2779761,1.35289
.8558086,21,.1194077,.2302294
-.799205,2,.223767,-.9046487
.469468,4,-.2620922,.8301523
.451321,22,.5720116,2.528246
-1.542705,12,-.0675553,-1.074796
-.6821128,21,.1194077,.3126825
-.5914183,1,.2779761,.9342753
.238925,32,-.1879835,.4911397
-1.404653,31,.3502446,-2.721242
.3346364,31,.3502446,-.2085046
.6499798,34,.1150645,2.262369
.5078999,31,.3502446,1.01572
-.4910171,18,-.4283678,-.2215109
1.056558,6,-.1332144,.7653694
.8916531,21,.1194077,-.3769729
1.99888,26,.1111857,1.740359
.7373968,15,.3195778,.0990966
.0770473,1,.2779761,-.694972
.8904854,39,-.084102,.2130207
-.6513939,27,.0312918,.4901673
-.5689104,32,-.1879835,.5487798
1.342265,21,.1194077,1.370984
.6832116,17,-.2237292,1.841742
-1.70495,22,.5720116,-.9839654
.7060863,34,.1150645,-.0437537
-1.024198,1,.2779761,-1.472665
.468627,31,.3502446,.1570389
1.39112,49,-.0427878,2.214996
.2956038,33,-.0607563,-.2884371
-.8416478,36,-.3001903,-.8074178
-.509185,10,-.0930979,-1.351999
1.984185,28,-.1050764,1.659415
.7981036,45,-.3267959,.4302145
-.3074051,49,-.0427878,-1.536654
-1.751255,46,-.0358377,-1.363591
1.22959,4,-.2620922,2.321761
.6714939,39,-.084102,.6363615
.2640962,4,-.2620922,-1.876905
-1.215619,50,.0420224,-2.054068
1.277875,46,-.0358377,2.160944
.534381,21,.1194077,.8330477
.066897,42,-.0724434,1.722777
-.5101973,47,-.1696968,-.1793272
.1222282,3,-.1077847,.5196676
.3256249,20,.0210994,.0307138
-.4405725,33,-.0607563,-.132002
-.7234074,20,.0210994,-1.660482
.6167018,1,.2779761,-.509375
.0534622,7,.0215672,-.1708
-1.015853,50,.0420224,.1334231
.5967364,2,.223767,.9065601
-1.620332,37,-.2579239,-2.060826
.5329254,15,.3195778,.3099757
2.402597,35,.1707961,3.395472
-1.072553,1,.2779761,-.5859163
1.376758,36,-.3001903,1.604605
.4235767,49,-.0427878,-.0053033
-.0537472,44,.3350981,.0786652
-.2340232,27,.0312918,-1.920793
-1.885402,3,-.1077847,-1.209795
-.9715163,1,.2779761,-.4730769
-.4953384,5,.0040362,-1.262783
-1.045254,26,.1111857,-.3703977
.0452952,2,.223767,-1.97908
.0070096,21,.1194077,1.214828
-.7249937,36,-.3001903,-3.360205
-.8634266,7,.0215672,1.162887
-.3908077,32,-.1879835,1.105306
1.091675,26,.1111857,1.326475
-1.18208,33,-.0607563,-1.202168
-.9169838,8,.2029345,-.2949057
.3050153,7,.0215672,.0352336
2.031324,31,.3502446,2.655891
1.763031,23,-.1699248,2.584591
-.0210063,17,-.2237292,1.23164
-.1452717,50,.0420224,-.0977738
.633384,2,.223767,3.051121
-.6584807,34,.1150645,.1846877
1.176592,21,.1194077,.4004805
-.9329163,1,.2779761,.9103858
.0215459,44,.3350981,.3713354
.2270594,22,.5720116,3.134627
-.4876138,42,-.0724434,-.6037272
-.1699456,25,.0064102,1.322728
-1.28432,30,-.215716,-1.633098
.7055427,37,-.2579239,1.094623
-.039296,7,.0215672,-1.703833
.5469075,21,.1194077,1.148047
-.3827589,46,-.0358377,-.4567749
1.425077,21,.1194077,3.69077
1.188805,43,-.1141684,.8873339
.4665289,32,-.1879835,.5026568
-.1124444,40,-.0302475,-.6714932
-1.371703,38,-.4097416,-2.471897
.5660315,7,.0215672,1.842271
-.1366214,26,.1111857,1.339699
1.613381,39,-.084102,2.740722
.937629,40,-.0302475,.0857402
-.5527757,12,-.0675553,-1.877249
1.408566,12,-.0675553,2.115689
-.0916667,9,-.2843637,.0669477
-.0318198,3,-.1077847,-.8219762
-1.020894,24,.1646153,-1.670846
.508751,3,-.1077847,.6944876
2.008963,20,.0210994,3.486514
-.5435714,9,-.2843637,-2.243019
.5905955,39,-.084102,.3601785
-.3763018,49,-.0427878,1.009163
-1.757565,43,-.1141684,-3.38493
-.5736541,32,-.1879835,-.508827
-.5925094,24,.1646153,-.3714277
.6217892,15,.3195778,.5829269
.7090933,28,-.1050764,.1047116
-.329232,30,-.215716,-.2439318
-1.601398,2,.223767,-1.883538
.1783413,39,-.084102,-1.30569
-.398461,31,.3502446,-.4333149
1.019396,49,-.0427878,2.243965
-1.739609,27,.0312918,-1.760729
-.9547419,40,-.0302475,-.9126004
1.876074,4,-.2620922,.3628608
.3631219,40,-.0302475,.5710835
-.9568573,3,-.1077847,.073379
-.0291854,18,-.4283678,-.6572508
.4286298,17,-.2237292,1.28789
-.724149,29,-.0397213,-.0484355
-.0454626,49,-.0427878,.2698835
-1.594776,25,.0064102,-2.400686
1.029648,32,-.1879835,-.0441432
.2808182,49,-.0427878,.9824412
-1.749849,17,-.2237292,-2.296027
.6949355,31,.3502446,1.057055
.6611375,31,.3502446,.9931045
-1.222412,37,-.2579239,-2.223409
.1834725,5,.0040362,-.9414763
-1.369377,44,.3350981,-2.657779
-.5715077,46,-.0358377,-.8803703
-.2619841,2,.223767,.3622656
.0356953,29,-.0397213,-1.641045
1.501443,46,-.0358377,-.8683851
-.8859167,18,-.4283678,.540429
-.319246,17,-.2237292,-2.611501
.3696711,45,-.3267959,-.3979326
.223353,50,.0420224,.7409222
-.795104,30,-.215716,-3.032558
1.105256,21,.1194077,1.491292
.2674636,41,.1912464,1.760991
.6626014,43,-.1141684,.1473571
-.7424709,16,-.1447206,-2.607857
1.332203,19,.1056873,1.700302
-1.258667,30,-.215716,-.317956
-1.295417,12,-.0675553,-2.724475
-.2514619,38,-.4097416,-1.543177
-.1785801,33,-.0607563,.6605921
-.6786125,31,.3502446,.11911
.5528091,39,-.084102,.5330959
.3261758,40,-.0302475,.2017137
.321731,49,-.0427878,.5946892
-.4255204,38,-.4097416,-1.637031
.7850043,26,.1111857,.0542228
-.1034954,38,-.4097416,1.260178
-1.519562,2,.223767,-1.520313
-1.697681,17,-.2237292,.2828781
.0799714,1,.2779761,.4084583
-1.201817,50,.0420224,-1.553671
.1903436,31,.3502446,-1.966021
-.3856342,49,-.0427878,-.6159448
-1.078082,50,.0420224,-1.906338
.8376759,21,.1194077,1.324777
1.507467,21,.1194077,1.706498
1.10274,15,.3195778,3.141657
-1.850901,2,.223767,-2.421433
.4533701,26,.1111857,-.0424551
1.945699,23,-.1699248,3.229669
-.7395239,3,-.1077847,-1.124797
.1450873,39,-.084102,.7948255
-1.318923,21,.1194077,-1.645619
-.0318609,33,-.0607563,-.3721722
-.1390344,31,.3502446,-.2504314
.7545106,35,.1707961,1.296011
.9753261,45,-.3267959,-.2038001
-.0620213,43,-.1141684,-.1393957
-.5685092,49,-.0427878,-1.566963
-.6048444,17,-.2237292,-1.803812
.5663362,46,-.0358377,3.309086
.1767282,26,.1111857,.338661
.8512595,49,-.0427878,.5624512
.0209315,35,.1707961,-1.192084
-.331024,46,-.0358377,-1.21802
-1.365596,9,-.2843637,-.1119419
-.1955641,49,-.0427878,.3701902
-.2246211,2,.223767,.1465504
-1.5253,6,-.1332144,-1.378801
.7476444,21,.1194077,.5056791
.1783462,30,-.215716,1.4501
1.27896,28,-.1050764,.1363708
.91347,49,-.0427878,-.3059627
-.2335815,28,-.1050764,-.2935167
1.307657,25,.0064102,2.541684
.8688113,36,-.3001903,1.449758
1.507192,4,-.2620922,.6140903
-.157854,1,.2779761,-.6009337
.4523319,16,-.1447206,.6588657
-.040332,12,-.0675553,1.612697
-.916378,4,-.2620922,1.491733
1.602461,40,-.0302475,2.881664
-.1620075,49,-.0427878,2.359214
.0329223,8,.2029345,-.3157441
-.1238531,25,.0064102,-.441849
-1.830523,36,-.3001903,-2.160975
-1.184414,39,-.084102,-1.782621
1.034255,26,.1111857,-.1760577
.607613,2,.223767,1.353582
.3239713,21,.1194077,.6598728
1.427181,18,-.4283678,.3168657
-.3779466,31,.3502446,.2523784
1.057098,26,.1111857,.204395
.4699636,3,-.1077847,.4790654
.6948183,37,-.2579239,.1798943
-.9445789,3,-.1077847,-2.089399
-.043231,33,-.0607563,.5084355
.0202905,39,-.084102,-1.754872
.4359719,31,.3502446,3.354812
.3846175,44,.3350981,1.989927
-.6449574,6,-.1332144,-1.341189
.404733,21,.1194077,.4819625
.273071,30,-.215716,-.097187
-1.208175,2,.223767,-2.42912
1.003465,12,-.0675553,.4752462
1.202463,28,-.1050764,2.96288
.7667444,3,-.1077847,.605314
-.0417426,42,-.0724434,.8137153
.1663525,25,.0064102,1.198063
-.5650313,38,-.4097416,-1.49164
.3588944,20,.0210994,1.973495
-.3160037,2,.223767,-1.252983
-1.211412,41,.1912464,-2.856527
-.734907,32,-.1879835,-2.118725
.5026535,45,-.3267959,-.8022278
.4126274,49,-.0427878,-.6203519
1.233069,4,-.2620922,1.170678
.2841828,48,-.0335016,-1.173564
1.247217,28,-.1050764,.5873798
.5917661,2,.223767,1.425512
.4175202,42,-.0724434,-1.0683
-.8390924,31,.3502446,-.1353277
-.2575095,39,-.084102,.3120893
1.33432,39,-.084102,1.717701
1.412634,16,-.1447206,1.601699
-.1884461,29,-.0397213,-1.787935
-.4996905,50,.0420224,-1.152718
.5012372,46,-.0358377,2.92943
.408226,17,-.2237292,3.071595
-.0546066,39,-.084102,-1.905237
.7801418,46,-.0358377,2.077388
.5219865,39,-.084102,2.700852
-.2306262,38,-.4097416,-1.624606
.0438622,26,.1111857,.1337005
.6715358,39,-.084102,.2322603
.8981783,31,.3502446,1.691217
.9938251,29,-.0397213,.2562121
-.4467891,2,.223767,-.2757161
-.0960948,6,-.1332144,.237337
-.7369239,45,-.3267959,-1.303514
1.16123,49,-.0427878,.5936068
-.5320255,30,-.215716,-1.10233
1.808895,4,-.2620922,3.167789
-1.268722,13,-.1037852,.6808669
.8272014,34,.1150645,-.8380915
.4880429,9,-.2843637,.5951978
-.9780377,2,.223767,-1.133275
-2.498213,50,.0420224,-3.16576
.4721123,44,.3350981,2.183675
.6227461,20,.0210994,-.3276916
-1.602955,14,.0234696,-2.5116
1.86358,35,.1707961,3.677766
.3366027,31,.3502446,.6207318
-.2949243,31,.3502446,-1.167947
-3.268543,3,-.1077847,-2.212972
1.596163,4,-.2620922,2.030707
-.9793711,50,.0420224,1.918258
-1.571076,1,.2779761,-2.571632
-1.679692,2,.223767,-1.355832
-1.267938,46,-.0358377,-1.45476
-.0053073,17,-.2237292,.3942201
-.168506,12,-.0675553,.626533
.2828694,19,.1056873,.9725235
-.3545083,37,-.2579239,-1.355619
-2.172813,14,.0234696,-2.158317
.7243874,1,.2779761,.1883969
-.3188632,2,.223767,1.11332
1.090657,25,.0064102,2.149914
-.931034,45,-.3267959,.4425867
-.86017,25,.0064102,-.7494872
.2449033,27,.0312918,.1268845
.9503826,39,-.084102,1.796906
.6324875,25,.0064102,-1.146085
-.0414927,21,.1194077,-1.108669
-2.419888,30,-.215716,-4.024506
.3477048,8,.2029345,1.410416
.7381985,28,-.1050764,-.8753547
.6320539,28,-.1050764,.2222678
-.1617528,31,.3502446,.6559985
-1.123465,9,-.2843637,-1.715006
-.8655129,50,.0420224,-1.688596
-1.15541,2,.223767,-.1736102
-.4272407,31,.3502446,1.198822
1.328944,21,.1194077,2.072584
.2945164,48,-.0335016,-.2372356
-.0430682,46,-.0358377,.2943967
-.0051442,14,.0234696,.1883097
-.6388394,48,-.0335016,-.1939752
.6407577,39,-.084102,.8567325
.3432488,46,-.0358377,.7793629
-.9749795,38,-.4097416,-1.008682
.3639101,2,.223767,.4219453
-.4977835,29,-.0397213,1.138429
.0750352,48,-.0335016,1.4554
.5315627,29,-.0397213,2.664419
-1.027325,6,-.1332144,.2013868
-.6483899,11,.2070188,-.2815637
-.7454677,31,.3502446,-.5515164
.7775654,25,.0064102,.729293
-1.410034,14,.0234696,-.4236723
-1.444721,31,.3502446,.3353186
1.260249,21,.1194077,1.34789
-.2455243,50,.0420224,-.9508858
-2.337696,31,.3502446,-2.927132
1.189935,29,-.0397213,2.088001
.5163394,13,-.1037852,-.0881742
-.1622368,17,-.2237292,.0849406
-1.034379,32,-.1879835,-1.224722
.5206336,29,-.0397213,.9494572
.0705639,22,.5720116,1.083518
1.169674,21,.1194077,.7422785
-1.095405,18,-.4283678,-2.240679
-.5130646,31,.3502446,-.6125993
1.98917,39,-.084102,2.059612
.9168697,46,-.0358377,-.431578
-.2602645,11,.2070188,-.2727801
.4005673,31,.3502446,.6628219
-.6152061,6,-.1332144,.9017237
-1.493402,40,-.0302475,-2.116517
-.8494349,22,.5720116,-.5963487
-.3252736,6,-.1332144,-1.272541
-1.99265,26,.1111857,-2.129174
1.146583,20,.0210994,-.0444248
.2210255,1,.2779761,.183725
.9058256,21,.1194077,2.827615
-.1828388,2,.223767,-.1714593
-.0569488,2,.223767,-1.274614
-.5005615,34,.1150645,.8714211
1.14644,6,-.1332144,1.728815
.6749985,29,-.0397213,-.4538348
1.274294,46,-.0358377,2.294385
1.298286,29,-.0397213,-.059663
-2.476612,38,-.4097416,-3.22707
.1159549,25,.0064102,.1563898
1.284523,20,.0210994,1.041246
-1.466596,39,-.084102,-.1120465
-1.356753,31,.3502446,-2.921438
.0947743,12,-.0675553,.6401317
-1.975761,50,.0420224,-.4125876
1.57156,11,.2070188,.1868298
-.9093535,6,-.1332144,-1.288708
1.449268,18,-.4283678,.0692958
-.5901366,42,-.0724434,-1.333035
-.4677641,46,-.0358377,-.8570678
-.1511866,34,.1150645,.4742129
.9424791,28,-.1050764,2.149504
.0093179,36,-.3001903,-.8099508
-2.126412,43,-.1141684,-2.084001
.8523676,38,-.4097416,-.63377
-1.811366,38,-.4097416,-1.68809
.7299084,21,.1194077,1.381798
.9127657,26,.1111857,1.099005
1.00466,20,.0210994,1.524805
-.7123776,25,.0064102,-2.686563
.0648695,6,-.1332144,1.181407
.7756802,26,.1111857,.0265319
-2.073728,36,-.3001903,-1.276788
-.7772386,1,.2779761,-1.107072
-.3714095,3,-.1077847,-1.048684
-.2535047,16,-.1447206,-.5127434
-1.538954,25,.0064102,.2191134
.479495,25,.0064102,1.146306
-1.612884,6,-.1332144,-2.323352
-1.439239,26,.1111857,.017125
-.2615055,42,-.0724434,.1215968
-.0884153,46,-.0358377,.3397598
-.9108449,17,-.2237292,-.8449547
-1.361818,17,-.2237292,-1.110928
-2.575925,38,-.4097416,-2.75039
-.4990152,17,-.2237292,-1.133192
-.1667848,15,.3195778,.1331383
-.6764507,31,.3502446,-.1561585
.0169656,49,-.0427878,.9898539
-1.251785,8,.2029345,1.499374
-.8521438,30,-.215716,-.9054394
-.0758248,31,.3502446,.203661
-.8134695,34,.1150645,-.0959394
-.6120999,18,-.4283678,-1.978723
-1.135623,42,-.0724434,-1.861209
.12906,17,-.2237292,2.312202
.4841207,17,-.2237292,-1.014664
-1.688036,2,.223767,-2.769516
-.1632927,6,-.1332144,-.3260267
-.0474412,3,-.1077847,-.6406777
-.4763366,47,-.1696968,-.4887357
.8817552,16,-.1447206,-.2209121
-.5584732,50,.0420224,-1.560248
1.051781,2,.223767,2.430073
-1.948539,6,-.1332144,-1.625597
3.176627,21,.1194077,2.46172
-1.532436,3,-.1077847,-1.500138
1.416579,15,.3195778,2.175085
-.3904962,31,.3502446,.1365424
-1.050525,3,-.1077847,-1.703668
-1.883513,38,-.4097416,-1.488083
.9238672,49,-.0427878,.895546
-.9260604,50,.0420224,-2.548291
-.6761169,31,.3502446,-1.424689
-.2555107,49,-.0427878,-.3823667
-.0457764,36,-.3001903,-.0290489
-.283154,49,-.0427878,-.4393668
.0936857,29,-.0397213,-1.539125
-.523869,37,-.2579239,-1.4652
-.745347,17,-.2237292,-.5947777
-.3468526,32,-.1879835,-1.057189
-1.599633,32,-.1879835,-2.518884
1.441938,28,-.1050764,1.188542
.4340722,49,-.0427878,-.4038663
.9455831,49,-.0427878,1.628551
-.3067486,50,.0420224,-1.1822
.2929654,49,-.0427878,1.861096
.2878501,49,-.0427878,.6996521
.5122431,31,.3502446,1.107578
1.036414,40,-.0302475,.9788273
.0466987,39,-.084102,-.1501318
-.6963852,27,.0312918,-1.312879
.0564389,37,-.2579239,-.573214
.9724547,31,.3502446,.9585901
.0913225,50,.0420224,-.7373744
.8745165,4,-.2620922,.1328262
.4249784,28,-.1050764,.9396369
1.285331,50,.0420224,-.0782246
.2035653,10,-.0930979,1.358314
.405067,23,-.1699248,.3764762
-.9720055,12,-.0675553,-1.797995
-1.47255,31,.3502446,-.33289
-.9604815,33,-.0607563,-.3635114
-.1282443,22,.5720116,.7102817
-1.090771,50,.0420224,1.061962
-.552655,33,-.0607563,-2.285169
1.162392,33,-.0607563,.0697926
-.0660438,14,.0234696,.4649986
.8595876,45,-.3267959,1.676043
.2330789,4,-.2620922,.2695966
.8208769,4,-.2620922,-.7113885
.8103587,14,.0234696,.2513211
-.6915095,3,-.1077847,.2775013
.3045684,36,-.3001903,-.7560456
-.3366465,50,.0420224,-.2712227
-.6853131,30,-.215716,-1.071145
-.266533,3,-.1077847,-.9157111
.186066,47,-.1696968,-.1267358
.1264455,48,-.0335016,.2707254
-.1808169,20,.0210994,-.0645621
-.1906099,10,-.0930979,-1.514553
.1791462,39,-.084102,-1.41634
-.5644042,3,-.1077847,-1.377012
-.4475085,37,-.2579239,-.7606766
.327878,4,-.2620922,-1.45881
-1.100259,38,-.4097416,-.8915668
-2.005238,50,.0420224,-.7442573
.9813459,26,.1111857,.3669993
.2262215,39,-.084102,-1.09151
-1.127705,31,.3502446,.0076212
.2200867,49,-.0427878,2.318577
.9595119,1,.2779761,2.69699
.0368744,22,.5720116,.5284639
.508976,39,-.084102,1.680719
-.6141945,20,.0210994,-.8846309
1.888615,26,.1111857,.1020779
-1.093348,50,.0420224,.1619399
-.8729032,3,-.1077847,-1.364359
-1.531009,28,-.1050764,-2.571226
.0962355,37,-.2579239,-2.199794
1.47388,48,-.0335016,.1499261
-1.087134,7,.0215672,-.1913354
-.3362191,12,-.0675553,-1.247778
-1.789392,3,-.1077847,-1.903512
-.1316701,15,.3195778,.5048331
.4227555,21,.1194077,.2381072
-1.194844,36,-.3001903,-1.156284
.4010884,31,.3502446,1.8797
.9414299,31,.3502446,1.178805
1.283247,21,.1194077,.3016866
-.720921,19,.1056873,-2.152639
-.4917426,2,.223767,.0313348
-1.551897,42,-.0724434,-3.704077
-1.740955,38,-.4097416,-3.00923
-.5797972,2,.223767,1.142146
1.438786,48,-.0335016,-.0349577
-.7684177,17,-.2237292,-1.190702
-.5644219,3,-.1077847,.0568501
1.154575,15,.3195778,2.564188
-.0856499,26,.1111857,1.57583
-.7861659,2,.223767,1.745716
1.325886,35,.1707961,2.247154
1.117764,31,.3502446,2.258164
3.098839,39,-.084102,-.0018018
1.040606,2,.223767,.4247598
-.324076,13,-.1037852,.0531584
-.6590398,21,.1194077,-.2638464
-1.67395,47,-.1696968,-.8809558
.4755321,37,-.2579239,.0666366
-.9519147,50,.0420224,.8357757
-.5191278,2,.223767,-.0977361
-.7723441,44,.3350981,2.160922
-.5420167,3,-.1077847,-1.642882
-.5748335,31,.3502446,1.970027
.1973183,39,-.084102,.7927669
.3396721,50,.0420224,1.133983
.0830533,1,.2779761,1.163848
.9600263,15,.3195778,.6929162
-.9775324,43,-.1141684,-2.095633
-2.326905,5,.0040362,-3.984871
-1.197177,8,.2029345,.203101
-1.423887,2,.223767,-1.413215
-.778656,32,-.1879835,-1.831135
.2303843,18,-.4283678,-.4108998
.9015775,39,-.084102,.0773705
-1.208674,17,-.2237292,-1.556761
.8082097,12,-.0675553,-.0455052
-1.575573,2,.223767,-1.077621
-1.458049,14,.0234696,.4489319
-.0154481,32,-.1879835,.2242314
-.2527625,31,.3502446,-.0072967
-.1498291,39,-.084102,-.3237768
.2036637,3,-.1077847,-.6155039
.8698313,21,.1194077,1.558384
.2245715,49,-.0427878,-.0193677
.7527803,30,-.215716,-.6717722
-.0945756,47,-.1696968,.1073922
.1421876,26,.1111857,.1805746
.0031778,11,.2070188,-.4349787
-2.806255,33,-.0607563,-1.451348
-.7857134,33,-.0607563,-2.988078
-.0886521,22,.5720116,-.1951616
2.032638,39,-.084102,2.033559
-1.95584,45,-.3267959,-.6069842
-.6400962,29,-.0397213,-2.253456
.9379429,29,-.0397213,.8324425
-.042427,2,.223767,.4664037
1.1449,6,-.1332144,1.697442
-.4582314,44,.3350981,.0824655
1.366106,40,-.0302475,1.314279
.4649518,45,-.3267959,1.231326
.3612229,31,.3502446,.4579801
1.319122,18,-.4283678,3.011128
-1.792315,2,.223767,-1.736907
.5915024,25,.0064102,1.14891
.7942837,30,-.215716,.6747803
.2152369,21,.1194077,-1.720479
-1.113503,12,-.0675553,-1.896117
-1.134228,32,-.1879835,-1.198544
-.3178001,1,.2779761,-.1909858
.5343574,29,-.0397213,.3239224
-.6799287,29,-.0397213,.0561273
-.593822,2,.223767,-.0343072
.5338413,13,-.1037852,.4310738
-.8601783,42,-.0724434,-4.754248
-1.416778,42,-.0724434,-2.624027
1.099401,11,.2070188,3.526049
-.0933181,49,-.0427878,1.303785
.3599275,6,-.1332144,2.523202
1.739151,46,-.0358377,2.719557
.6559789,17,-.2237292,1.29838
2.050074,31,.3502446,.7635697
-.9068882,2,.223767,-1.432812
1.362626,26,.1111857,1.67764
.524166,31,.3502446,-.253953
-1.540293,37,-.2579239,-1.285202
.9279459,4,-.2620922,1.387936
.6597893,42,-.0724434,.1382723
-1.895796,2,.223767,-1.532796
1.799399,21,.1194077,3.04235
1.385541,20,.0210994,.1459823
-.7452304,30,-.215716,-.2340386
-.8867155,45,-.3267959,-1.352279
.1112154,2,.223767,.5766357
-.8070859,25,.0064102,.1958039
1.954392,39,-.084102,1.58777
.4714829,4,-.2620922,.0853616
-.7855813,16,-.1447206,-1.000911
1.82471,21,.1194077,3.62955
.4067301,49,-.0427878,2.334036
-.2952263,48,-.0335016,.0147544
-.035541,29,-.0397213,.8754247
.2956237,12,-.0675553,.1377952
1.822821,39,-.084102,2.359241
1.694363,21,.1194077,3.106605
-.9686432,2,.223767,-3.464381
-.9913354,12,-.0675553,-1.395346
.3646272,1,.2779761,-.1380343
